tract,rtaz_1,rtaz_2,rtaz_3,rtaz_4,rtaz_5
010100,41,NA,NA,NA,NA
010200,40,NA,NA,NA,NA
010300,39,NA,NA,NA,NA
010400,38,NA,NA,NA,NA
010500,23,22,NA,NA,NA
010600,37,NA,NA,NA,NA
010700,36,NA,NA,NA,NA
010800,35,NA,NA,NA,NA
010900,34,NA,NA,NA,NA
011000,33,NA,NA,NA,NA
011100,32,NA,NA,NA,NA
011200,28,NA,NA,NA,NA
011300,27,NA,NA,NA,NA
011700,5,2,NA,NA,NA
011800,26,NA,NA,NA,NA
011901,29,NA,NA,NA,NA
011902,29,NA,NA,NA,NA
012000,31,NA,NA,NA,NA
012100,6,NA,NA,NA,NA
012201,30,NA,NA,NA,NA
012202,30,NA,NA,NA,NA
012301,7,NA,NA,NA,NA
012302,7,NA,NA,NA,NA
012401,9,NA,NA,NA,NA
012402,9,NA,NA,NA,NA
012501,8,NA,NA,NA,NA
012502,8,NA,NA,NA,NA
012601,43,NA,NA,NA,NA
012602,43,NA,NA,NA,NA
012700,51,NA,NA,NA,NA
012800,50,NA,NA,NA,NA
012901,44,NA,NA,NA,NA
012902,44,NA,NA,NA,NA
013000,45,NA,NA,NA,NA
013101,46,NA,NA,NA,NA
013102,46,NA,NA,NA,NA
013200,49,NA,NA,NA,NA
013300,71,NA,NA,NA,NA
013400,48,NA,NA,NA,NA
013500,47,NA,NA,NA,NA
015100,75,NA,NA,NA,NA
015200,73,NA,NA,NA,NA
015300,72,NA,NA,NA,NA
015400,70,NA,NA,NA,NA
015500,74,NA,NA,NA,NA
015600,68,NA,NA,NA,NA
015700,69,NA,NA,NA,NA
015801,86,NA,NA,NA,NA
015802,86,NA,NA,NA,NA
015900,77,NA,NA,NA,NA
016000,76,NA,NA,NA,NA
016100,78,NA,NA,NA,NA
016200,79,NA,NA,NA,NA
016300,80,NA,NA,NA,NA
016400,85,NA,NA,NA,NA
016500,87,NA,NA,NA,NA
016600,88,NA,NA,NA,NA
016700,84,NA,NA,NA,NA
016801,81,NA,NA,NA,NA
016802,81,NA,NA,NA,NA
016900,82,NA,NA,NA,NA
017000,83,NA,NA,NA,NA
017101,89,NA,NA,NA,NA
017102,89,NA,NA,NA,NA
017601,10,11,NA,NA,NA
017700,107,NA,NA,NA,NA
017801,21,NA,NA,NA,NA
017802,20,21,NA,NA,NA
018000,18,19,NA,NA,NA
020100,106,NA,NA,NA,NA
020200,105,NA,NA,NA,NA
020300,104,NA,NA,NA,NA
020401,93,NA,NA,NA,NA
020402,93,NA,NA,NA,NA
020500,94,NA,NA,NA,NA
020600,103,NA,NA,NA,NA
020700,102,NA,NA,NA,NA
020800,101,NA,NA,NA,NA
020900,100,NA,NA,NA,NA
021000,99,NA,NA,NA,NA
021100,98,NA,NA,NA,NA
021200,95,NA,NA,NA,NA
021300,96,NA,NA,NA,NA
021400,97,NA,NA,NA,NA
021500,128,NA,NA,NA,NA
021600,129,NA,NA,NA,NA
021700,130,NA,NA,NA,NA
021800,127,NA,NA,NA,NA
022600,111,NA,NA,NA,NA
022702,112,NA,NA,NA,NA
022704,114,NA,NA,NA,NA
022801,116,NA,NA,NA,NA
022802,115,NA,NA,NA,NA
022803,117,NA,NA,NA,NA
022901,118,NA,NA,NA,NA
022902,119,NA,NA,NA,NA
022903,120,NA,NA,NA,NA
023001,139,NA,NA,NA,NA
023003,140,NA,NA,NA,NA
023102,144,NA,NA,NA,NA
023103,145,NA,NA,NA,NA
023200,147,NA,NA,NA,NA
023300,150,NA,NA,NA,NA
023400,148,NA,NA,NA,NA
025100,121,NA,NA,NA,NA
025200,122,NA,NA,NA,NA
025300,123,NA,NA,NA,NA
025401,124,NA,NA,NA,NA
025402,125,NA,NA,NA,NA
025403,126,NA,NA,NA,NA
025500,134,NA,NA,NA,NA
025600,137,NA,NA,NA,NA
025701,138,NA,NA,NA,NA
025702,138,NA,NA,NA,NA
025800,151,NA,NA,NA,NA
025900,152,NA,NA,NA,NA
026001,135,NA,NA,NA,NA
026002,136,NA,NA,NA,NA
026003,160,NA,NA,NA,NA
026004,161,NA,NA,NA,NA
026100,165,NA,NA,NA,NA
026200,164,NA,NA,NA,NA
026301,162,NA,NA,NA,NA
026302,159,NA,NA,NA,NA
026303,163,NA,NA,NA,NA
026401,155,NA,NA,NA,NA
026402,153,NA,NA,NA,NA
026403,154,NA,NA,NA,NA
026404,156,NA,NA,NA,NA
030101,90,NA,NA,NA,NA
030102,91,NA,NA,NA,NA
030201,176,NA,NA,NA,NA
030202,175,NA,NA,NA,NA
030301,174,NA,NA,NA,NA
030302,173,NA,NA,NA,NA
030400,172,NA,NA,NA,NA
030500,92,NA,NA,NA,NA
030600,171,NA,NA,NA,NA
030700,131,NA,NA,NA,NA
030800,170,NA,NA,NA,NA
030900,169,NA,NA,NA,NA
031000,132,NA,NA,NA,NA
031100,133,NA,NA,NA,NA
031201,166,NA,NA,NA,NA
031202,166,NA,NA,NA,NA
031301,168,NA,NA,NA,NA
031302,168,NA,NA,NA,NA
031400,167,NA,NA,NA,NA
032601,177,NA,NA,NA,NA
032602,177,NA,NA,NA,NA
032700,178,NA,NA,NA,NA
032801,185,NA,NA,NA,NA
032802,185,NA,NA,NA,NA
032901,184,NA,NA,NA,NA
032902,184,NA,NA,NA,NA
033000,186,NA,NA,NA,NA
033100,187,NA,NA,NA,NA
033201,188,NA,NA,NA,NA
033203,189,NA,NA,NA,NA
033204,189,NA,NA,NA,NA
035100,179,NA,NA,NA,NA
035201,181,NA,NA,NA,NA
035202,180,NA,NA,NA,NA
035300,183,NA,NA,NA,NA
035400,182,NA,NA,NA,NA
040100,66,NA,NA,NA,NA
040200,65,NA,NA,NA,NA
042601,62,NA,NA,NA,NA
042602,62,NA,NA,NA,NA
042700,58,NA,NA,NA,NA
042800,57,NA,NA,NA,NA
045100,67,NA,NA,NA,NA
045200,64,NA,NA,NA,NA
047600,63,NA,NA,NA,NA
047701,61,NA,NA,NA,NA
047702,60,NA,NA,NA,NA
047801,59,NA,NA,NA,NA
047802,59,NA,NA,NA,NA
047901,54,NA,NA,NA,NA
047902,55,NA,NA,NA,NA
060100,52,NA,NA,NA,NA
060400,190,NA,NA,NA,NA
060502,157,NA,NA,NA,NA
060700,108,109,110,NA,NA
061000,149,NA,NA,NA,NA
061100,25,24,NA,NA,NA
061200,143,141,NA,NA,NA
061400,113,NA,NA,NA,NA
061500,16,17,NA,NA,NA
101100,1404,NA,NA,NA,NA
101200,1405,NA,NA,NA,NA
102100,1413,NA,NA,NA,NA
102202,1412,NA,NA,NA,NA
102203,1412,NA,NA,NA,NA
103100,1414,NA,NA,NA,NA
103200,1411,NA,NA,NA,NA
104101,1409,NA,NA,NA,NA
104102,1410,NA,NA,NA,NA
104200,1408,NA,NA,NA,NA
104300,1406,NA,NA,NA,NA
105000,1407,NA,NA,NA,NA
106001,1424,NA,NA,NA,NA
106002,1425,NA,NA,NA,NA
107000,1423,NA,NA,NA,NA
108100,1422,NA,NA,NA,NA
108200,1421,NA,NA,NA,NA
109001,1431,NA,NA,NA,NA
109002,1431,NA,NA,NA,NA
110100,1427,NA,NA,NA,NA
110200,1426,NA,NA,NA,NA
111000,1430,NA,NA,NA,NA
112100,1429,NA,NA,NA,NA
112201,1428,NA,NA,NA,NA
112202,1428,NA,NA,NA,NA
113000,1418,NA,NA,NA,NA
114100,1434,NA,NA,NA,NA
114200,1419,NA,NA,NA,NA
115000,1420,NA,NA,NA,NA
116000,1433,NA,NA,NA,NA
117000,1432,NA,NA,NA,NA
118100,1435,NA,NA,NA,NA
119100,1436,NA,NA,NA,NA
119201,1437,NA,NA,NA,NA
119202,1437,NA,NA,NA,NA
120000,1440,NA,NA,NA,NA
121100,1441,NA,NA,NA,NA
121200,1438,NA,NA,NA,NA
122000,1439,NA,NA,NA,NA
123000,1447,NA,NA,NA,NA
124100,1445,NA,NA,NA,NA
124200,1446,NA,NA,NA,NA
125000,1444,NA,NA,NA,NA
126100,1442,NA,NA,NA,NA
126200,1443,NA,NA,NA,NA
127000,1452,NA,NA,NA,NA
128100,1450,NA,NA,NA,NA
128200,1451,NA,NA,NA,NA
129000,1449,NA,NA,NA,NA
130201,1448,NA,NA,NA,NA
130202,1448,NA,NA,NA,NA
131100,1417,1453,NA,NA,NA
132100,1454,NA,NA,NA,NA
132200,1416,NA,NA,NA,NA
133000,1415,NA,NA,NA,NA
150100,1324,NA,NA,NA,NA
150202,1320,NA,NA,NA,NA
150203,1323,NA,NA,NA,NA
150204,1323,NA,NA,NA,NA
150303,1322,NA,NA,NA,NA
150304,1321,NA,NA,NA,NA
150305,1319,NA,NA,NA,NA
150306,1319,NA,NA,NA,NA
150500,1318,NA,NA,NA,NA
150601,1333,NA,NA,NA,NA
150602,1334,NA,NA,NA,NA
150603,1335,NA,NA,NA,NA
150607,1336,NA,NA,NA,NA
150609,1336,NA,NA,NA,NA
150610,1336,NA,NA,NA,NA
150611,1325,NA,NA,NA,NA
150612,1325,NA,NA,NA,NA
150701,1332,NA,NA,NA,NA
150702,1326,NA,NA,NA,NA
150800,1327,NA,NA,NA,NA
150901,1331,NA,NA,NA,NA
150902,1330,NA,NA,NA,NA
151000,1329,NA,NA,NA,NA
151100,1328,NA,NA,NA,NA
151201,1337,NA,NA,NA,NA
151203,1339,NA,NA,NA,NA
151204,1338,NA,NA,NA,NA
151301,1343,NA,NA,NA,NA
151305,1344,NA,NA,NA,NA
151306,1345,NA,NA,NA,NA
151307,1347,NA,NA,NA,NA
151308,1346,NA,NA,NA,NA
151309,1341,NA,NA,NA,NA
151310,1342,NA,NA,NA,NA
151311,1340,NA,NA,NA,NA
151401,1349,NA,NA,NA,NA
151402,1348,NA,NA,NA,NA
151502,1350,NA,NA,NA,NA
151503,1352,NA,NA,NA,NA
151504,1351,NA,NA,NA,NA
151601,1353,NA,NA,NA,NA
151602,1353,NA,NA,NA,NA
151700,1358,NA,NA,NA,NA
151800,1359,NA,NA,NA,NA
151900,1360,NA,NA,NA,NA
152000,1361,NA,NA,NA,NA
152100,1363,NA,NA,NA,NA
152201,1364,NA,NA,NA,NA
152202,1356,NA,NA,NA,NA
152203,1362,NA,NA,NA,NA
152300,1365,NA,NA,NA,NA
152400,1366,NA,NA,NA,NA
152501,1357,NA,NA,NA,NA
152502,1355,NA,NA,NA,NA
152600,1354,NA,NA,NA,NA
152701,1367,NA,NA,NA,NA
152702,1368,NA,NA,NA,NA
152801,1369,NA,NA,NA,NA
152802,1373,NA,NA,NA,NA
152903,1372,NA,NA,NA,NA
152904,1371,NA,NA,NA,NA
152905,1370,NA,NA,NA,NA
152906,1370,NA,NA,NA,NA
153001,1374,NA,NA,NA,NA
153002,1376,NA,NA,NA,NA
153003,1377,NA,NA,NA,NA
153005,1382,NA,NA,NA,NA
153006,1375,NA,NA,NA,NA
153102,1379,NA,NA,NA,NA
153103,1378,NA,NA,NA,NA
153104,1378,NA,NA,NA,NA
153200,1380,NA,NA,NA,NA
153300,1381,NA,NA,NA,NA
153401,1384,NA,NA,NA,NA
153403,1386,NA,NA,NA,NA
153404,1385,NA,NA,NA,NA
153501,1387,NA,NA,NA,NA
153502,1388,NA,NA,NA,NA
153600,1383,NA,NA,NA,NA
153703,1390,NA,NA,NA,NA
153704,1391,NA,NA,NA,NA
153705,1393,NA,NA,NA,NA
153706,1392,NA,NA,NA,NA
153801,1394,NA,NA,NA,NA
153804,1396,NA,NA,NA,NA
153806,1396,NA,NA,NA,NA
153807,1396,NA,NA,NA,NA
153808,1395,NA,NA,NA,NA
153809,1395,NA,NA,NA,NA
153901,1397,NA,NA,NA,NA
153902,1399,NA,NA,NA,NA
153903,1398,NA,NA,NA,NA
154000,1400,NA,NA,NA,NA
154100,1401,NA,NA,NA,NA
154201,1402,NA,NA,NA,NA
154202,1402,NA,NA,NA,NA
154302,1389,NA,NA,NA,NA
154303,1403,NA,NA,NA,NA
154304,1403,NA,NA,NA,NA
200201,1301,NA,NA,NA,NA
200202,1299,NA,NA,NA,NA
200203,1300,NA,NA,NA,NA
200301,1295,NA,NA,NA,NA
200302,1295,NA,NA,NA,NA
200400,1296,NA,NA,NA,NA
200501,1305,NA,NA,NA,NA
200503,1298,NA,NA,NA,NA
200504,1297,NA,NA,NA,NA
200505,1297,NA,NA,NA,NA
200601,1306,NA,NA,NA,NA
200602,1306,NA,NA,NA,NA
200703,1303,NA,NA,NA,NA
200704,1304,NA,NA,NA,NA
200705,1304,NA,NA,NA,NA
200706,1307,NA,NA,NA,NA
200707,1307,NA,NA,NA,NA
200802,1293,NA,NA,NA,NA
200803,1302,NA,NA,NA,NA
200804,1302,NA,NA,NA,NA
200900,1294,NA,NA,NA,NA
201003,1291,NA,NA,NA,NA
201004,1291,NA,NA,NA,NA
201005,1292,NA,NA,NA,NA
201006,1292,NA,NA,NA,NA
201007,1292,NA,NA,NA,NA
201101,1308,NA,NA,NA,NA
201102,1308,NA,NA,NA,NA
201200,1309,NA,NA,NA,NA
201300,1310,NA,NA,NA,NA
201401,1311,NA,NA,NA,NA
201402,1311,NA,NA,NA,NA
201403,1311,NA,NA,NA,NA
201500,1315,NA,NA,NA,NA
201601,1314,NA,NA,NA,NA
201602,1314,NA,NA,NA,NA
201700,1313,NA,NA,NA,NA
201800,1312,NA,NA,NA,NA
201900,1316,NA,NA,NA,NA
202000,1317,NA,NA,NA,NA
250103,1230,NA,NA,NA,NA
250104,1230,NA,NA,NA,NA
250105,1246,NA,NA,NA,NA
250106,1246,NA,NA,NA,NA
250200,1229,NA,NA,NA,NA
250300,1231,NA,NA,NA,NA
250400,1227,NA,NA,NA,NA
250501,1228,NA,NA,NA,NA
250502,1219,NA,NA,NA,NA
250601,1221,NA,NA,NA,NA
250604,1220,NA,NA,NA,NA
250605,1220,NA,NA,NA,NA
250701,1223,NA,NA,NA,NA
250801,1238,NA,NA,NA,NA
250900,1224,NA,NA,NA,NA
251000,1225,NA,NA,NA,NA
251100,1226,NA,NA,NA,NA
251200,1232,NA,NA,NA,NA
251300,1233,NA,NA,NA,NA
251400,1242,NA,NA,NA,NA
251500,1234,NA,NA,NA,NA
251600,1235,NA,NA,NA,NA
251701,1236,NA,NA,NA,NA
251702,1237,NA,NA,NA,NA
251802,1241,NA,NA,NA,NA
251803,1240,NA,NA,NA,NA
251804,1239,NA,NA,NA,NA
251901,1243,NA,NA,NA,NA
251902,1244,NA,NA,NA,NA
251903,1245,NA,NA,NA,NA
252000,1212,NA,NA,NA,NA
252102,1211,NA,NA,NA,NA
252103,1218,NA,NA,NA,NA
252104,1217,NA,NA,NA,NA
252105,1216,NA,NA,NA,NA
252106,1215,NA,NA,NA,NA
252107,1214,NA,NA,NA,NA
252108,1213,NA,NA,NA,NA
252201,1248,NA,NA,NA,NA
252202,1247,NA,NA,NA,NA
252305,1249,NA,NA,NA,NA
252306,1267,NA,NA,NA,NA
252310,1268,NA,NA,NA,NA
252311,1268,NA,NA,NA,NA
252312,1268,NA,NA,NA,NA
252313,1269,NA,NA,NA,NA
252314,1269,NA,NA,NA,NA
252315,1270,NA,NA,NA,NA
252316,1270,NA,NA,NA,NA
252317,1270,NA,NA,NA,NA
252401,1266,NA,NA,NA,NA
252402,1250,NA,NA,NA,NA
252501,1263,NA,NA,NA,NA
252502,1262,NA,NA,NA,NA
252604,1265,NA,NA,NA,NA
252605,1264,NA,NA,NA,NA
252606,1259,NA,NA,NA,NA
252607,1260,NA,NA,NA,NA
252608,1258,NA,NA,NA,NA
252610,1257,NA,NA,NA,NA
252611,1257,NA,NA,NA,NA
252702,1251,NA,NA,NA,NA
252703,1261,NA,NA,NA,NA
252704,1255,NA,NA,NA,NA
252705,1254,NA,NA,NA,NA
252706,1253,NA,NA,NA,NA
252707,1256,NA,NA,NA,NA
252801,1252,NA,NA,NA,NA
252802,1252,NA,NA,NA,NA
252903,1286,NA,NA,NA,NA
252904,1279,NA,NA,NA,NA
252908,1276,NA,NA,NA,NA
252909,1278,NA,NA,NA,NA
252910,1277,NA,NA,NA,NA
252911,1280,NA,NA,NA,NA
252912,1280,NA,NA,NA,NA
252913,1271,NA,NA,NA,NA
252914,1271,NA,NA,NA,NA
252915,1271,NA,NA,NA,NA
253000,1272,NA,NA,NA,NA
253101,1284,NA,NA,NA,NA
253105,1281,NA,NA,NA,NA
253106,1275,NA,NA,NA,NA
253107,1274,NA,NA,NA,NA
253108,1273,NA,NA,NA,NA
253201,1285,NA,NA,NA,NA
253203,1283,NA,NA,NA,NA
253204,1282,NA,NA,NA,NA
253205,1282,NA,NA,NA,NA
253206,1282,NA,NA,NA,NA
253300,1287,NA,NA,NA,NA
253402,1289,NA,NA,NA,NA
253403,1288,NA,NA,NA,NA
253404,1288,NA,NA,NA,NA
253500,1290,NA,NA,NA,NA
301000,1181,NA,NA,NA,NA
302005,1182,NA,NA,NA,NA
302006,1182,NA,NA,NA,NA
302007,1180,NA,NA,NA,NA
302008,1180,NA,NA,NA,NA
302009,1185,NA,NA,NA,NA
302010,1185,NA,NA,NA,NA
303102,1179,NA,NA,NA,NA
303103,1179,NA,NA,NA,NA
303201,1178,NA,NA,NA,NA
303202,1178,NA,NA,NA,NA
303203,1178,NA,NA,NA,NA
303204,1178,NA,NA,NA,NA
303205,1178,NA,NA,NA,NA
304001,1177,NA,NA,NA,NA
304002,1177,NA,NA,NA,NA
304003,1177,NA,NA,NA,NA
304004,1177,NA,NA,NA,NA
304005,1177,NA,NA,NA,NA
305000,1189,NA,NA,NA,NA
306002,1183,NA,NA,NA,NA
306003,1188,NA,NA,NA,NA
306004,1188,NA,NA,NA,NA
307101,1194,NA,NA,NA,NA
307102,1191,NA,NA,NA,NA
307201,1197,NA,NA,NA,NA
307202,1190,NA,NA,NA,NA
307204,1192,NA,NA,NA,NA
307205,1193,NA,NA,NA,NA
308001,1187,NA,NA,NA,NA
308002,1184,NA,NA,NA,NA
309000,1205,NA,NA,NA,NA
310000,1206,NA,NA,NA,NA
311000,1203,NA,NA,NA,NA
312000,1204,NA,NA,NA,NA
313101,1199,NA,NA,NA,NA
313102,1198,NA,NA,NA,NA
313103,1196,NA,NA,NA,NA
313203,1200,NA,NA,NA,NA
313204,1200,NA,NA,NA,NA
313205,1201,NA,NA,NA,NA
313206,1202,1201,NA,NA,NA
314102,1207,NA,NA,NA,NA
314103,1209,NA,NA,NA,NA
314104,1208,NA,NA,NA,NA
314200,1210,NA,NA,NA,NA
315000,1097,NA,NA,NA,NA
316000,1092,NA,NA,NA,NA
317000,1093,NA,NA,NA,NA
318000,1091,NA,NA,NA,NA
319000,1094,NA,NA,NA,NA
320001,1095,NA,NA,NA,NA
320003,1096,NA,NA,NA,NA
320004,1096,NA,NA,NA,NA
321101,1124,NA,NA,NA,NA
321102,1126,NA,NA,NA,NA
321103,1125,NA,NA,NA,NA
321200,1123,NA,NA,NA,NA
322000,1127,NA,NA,NA,NA
323000,1128,NA,NA,NA,NA
324001,1121,NA,NA,NA,NA
324002,1121,NA,NA,NA,NA
325000,1129,NA,NA,NA,NA
326000,1130,NA,NA,NA,NA
327000,1122,NA,NA,NA,NA
328000,1113,NA,NA,NA,NA
329000,1112,NA,NA,NA,NA
330000,1111,NA,NA,NA,NA
331000,1110,NA,NA,NA,NA
332000,1109,NA,NA,NA,NA
333101,1099,NA,NA,NA,NA
333102,1099,NA,NA,NA,NA
333200,1108,NA,NA,NA,NA
334001,1107,NA,NA,NA,NA
334004,1106,NA,NA,NA,NA
334006,1104,1105,NA,NA,NA
334200,1147,1162,NA,NA,NA
335000,1116,NA,NA,NA,NA
336101,1115,NA,NA,NA,NA
336102,1114,NA,NA,NA,NA
336201,1120,NA,NA,NA,NA
336202,1120,NA,NA,NA,NA
337100,1117,NA,NA,NA,NA
337200,1118,NA,NA,NA,NA
337300,1138,NA,NA,NA,NA
338101,1119,NA,NA,NA,NA
338102,1119,NA,NA,NA,NA
338201,1137,NA,NA,NA,NA
338203,1135,1136,NA,NA,NA
338204,1135,1136,NA,NA,NA
338301,1140,NA,NA,NA,NA
338302,1141,NA,NA,NA,NA
339001,1146,NA,NA,NA,NA
339002,1145,NA,NA,NA,NA
340001,1134,NA,NA,NA,NA
340002,1133,NA,NA,NA,NA
341000,1149,NA,NA,NA,NA
343001,1144,NA,NA,NA,NA
343002,1143,NA,NA,NA,NA
343003,1142,NA,NA,NA,NA
345101,1172,NA,NA,NA,NA
345102,1173,NA,NA,NA,NA
345103,1174,NA,NA,NA,NA
345105,1169,NA,NA,NA,NA
345108,1168,NA,NA,NA,NA
345111,1175,NA,NA,NA,NA
345112,1175,NA,NA,NA,NA
345113,1167,NA,NA,NA,NA
345114,1167,NA,NA,NA,NA
345115,1171,NA,NA,NA,NA
345116,1171,NA,NA,NA,NA
345202,1170,NA,NA,NA,NA
345203,1161,NA,NA,NA,NA
345204,1161,NA,NA,NA,NA
346101,1163,NA,NA,NA,NA
346102,1164,NA,NA,NA,NA
346201,1165,NA,NA,NA,NA
346203,1166,NA,NA,NA,NA
346204,1166,NA,NA,NA,NA
347000,1131,NA,NA,NA,NA
348000,1132,NA,NA,NA,NA
349000,1150,NA,NA,NA,NA
350000,1152,NA,NA,NA,NA
351101,1148,NA,NA,NA,NA
351102,1148,NA,NA,NA,NA
351103,1148,NA,NA,NA,NA
351200,1151,NA,NA,NA,NA
352101,1159,NA,NA,NA,NA
352102,1160,NA,NA,NA,NA
352201,1158,NA,NA,NA,NA
352202,1157,NA,NA,NA,NA
353001,1156,NA,NA,NA,NA
353002,1153,NA,NA,NA,NA
354001,1155,NA,NA,NA,NA
354002,1154,NA,NA,NA,NA
355107,1195,NA,NA,NA,NA
355108,1195,NA,NA,NA,NA
355109,1186,NA,NA,NA,NA
355110,1186,NA,NA,NA,NA
355111,1186,NA,NA,NA,NA
355112,1176,NA,NA,NA,NA
355113,1176,NA,NA,NA,NA
355114,1176,NA,NA,NA,NA
355115,1176,1175,NA,NA,NA
355116,1176,NA,NA,NA,NA
355117,1176,NA,NA,NA,NA
355200,1098,NA,NA,NA,NA
355301,1103,NA,NA,NA,NA
355302,1139,NA,NA,NA,NA
355304,1100,NA,NA,NA,NA
355306,1102,NA,NA,NA,NA
356001,1088,NA,NA,NA,NA
356002,1087,NA,NA,NA,NA
357000,1090,NA,NA,NA,NA
358000,1089,NA,NA,NA,NA
359102,1082,NA,NA,NA,NA
359103,1083,NA,NA,NA,NA
359104,1083,NA,NA,NA,NA
359105,1083,NA,NA,NA,NA
359202,1084,NA,NA,NA,NA
359203,1086,NA,NA,NA,NA
359204,1085,NA,NA,NA,NA
360101,1079,NA,NA,NA,NA
360102,1079,NA,NA,NA,NA
360200,1078,NA,NA,NA,NA
361000,1077,NA,NA,NA,NA
362000,1076,NA,NA,NA,NA
363000,1074,NA,NA,NA,NA
364002,1080,NA,NA,NA,NA
365002,1068,NA,NA,NA,NA
365003,1069,NA,NA,NA,NA
366001,1070,NA,NA,NA,NA
366002,1071,NA,NA,NA,NA
367100,1073,NA,NA,NA,NA
367200,1072,NA,NA,NA,NA
368001,1067,NA,NA,NA,NA
368002,1067,NA,NA,NA,NA
369001,1066,NA,NA,NA,NA
369002,1075,NA,NA,NA,NA
370000,1054,NA,NA,NA,NA
371000,1055,NA,NA,NA,NA
372000,1065,NA,NA,NA,NA
373000,1064,NA,NA,NA,NA
374000,1056,NA,NA,NA,NA
375000,1057,NA,NA,NA,NA
376000,1063,NA,NA,NA,NA
377000,1061,NA,NA,NA,NA
378000,1062,NA,NA,NA,NA
379000,1060,NA,NA,NA,NA
380000,1059,NA,NA,NA,NA
381000,1058,NA,NA,NA,NA
382000,1050,NA,NA,NA,NA
383000,1049,NA,NA,NA,NA
384000,1053,NA,NA,NA,NA
385100,1045,NA,NA,NA,NA
385200,1052,NA,NA,NA,NA
386000,1051,NA,NA,NA,NA
387000,1047,NA,NA,NA,NA
388000,1048,NA,NA,NA,NA
389100,1041,NA,NA,NA,NA
389200,1040,NA,NA,NA,NA
390100,1046,NA,NA,NA,NA
390200,1042,NA,NA,NA,NA
391000,1043,NA,NA,NA,NA
392000,1044,1087,NA,NA,NA
392200,1069,NA,NA,NA,NA
392300,1083,NA,NA,NA,NA
400100,1005,NA,NA,NA,NA
400200,999,NA,NA,NA,NA
400300,998,NA,NA,NA,NA
400400,1000,NA,NA,NA,NA
400500,1001,NA,NA,NA,NA
400600,997,NA,NA,NA,NA
400700,996,NA,NA,NA,NA
400800,993,NA,NA,NA,NA
400900,992,NA,NA,NA,NA
401000,977,NA,NA,NA,NA
401100,976,NA,NA,NA,NA
401200,975,NA,NA,NA,NA
401300,979,NA,NA,NA,NA
401400,978,NA,NA,NA,NA
401500,990,NA,NA,NA,NA
401600,989,NA,NA,NA,NA
401700,988,NA,NA,NA,NA
401800,987,NA,NA,NA,NA
402200,965,986,NA,NA,NA
402400,983,NA,NA,NA,NA
402500,982,NA,NA,NA,NA
402600,981,NA,NA,NA,NA
402700,980,NA,NA,NA,NA
402800,970,NA,NA,NA,NA
402900,971,NA,NA,NA,NA
403000,968,NA,NA,NA,NA
403100,969,NA,NA,NA,NA
403300,946,NA,NA,NA,NA
403400,945,NA,NA,NA,NA
403501,972,NA,NA,NA,NA
403502,941,972,NA,NA,NA
403600,941,NA,NA,NA,NA
403701,942,NA,NA,NA,NA
403702,945,942,NA,NA,NA
403800,939,NA,NA,NA,NA
403900,940,NA,NA,NA,NA
404000,973,NA,NA,NA,NA
404101,974,NA,NA,NA,NA
404102,974,NA,NA,NA,NA
404200,916,NA,NA,NA,NA
404300,915,NA,NA,NA,NA
404400,914,NA,NA,NA,NA
404501,919,NA,NA,NA,NA
404502,913,NA,NA,NA,NA
404600,912,NA,NA,NA,NA
404700,920,NA,NA,NA,NA
404800,921,NA,NA,NA,NA
404900,922,NA,NA,NA,NA
405000,937,NA,NA,NA,NA
405100,938,NA,NA,NA,NA
405200,943,NA,NA,NA,NA
405301,944,NA,NA,NA,NA
405302,944,934,NA,NA,NA
405401,934,NA,NA,NA,NA
405402,934,NA,NA,NA,NA
405500,935,NA,NA,NA,NA
405600,936,NA,NA,NA,NA
405700,931,NA,NA,NA,NA
405800,932,NA,NA,NA,NA
405901,933,NA,NA,NA,NA
405902,933,NA,NA,NA,NA
406000,947,NA,NA,NA,NA
406100,926,NA,NA,NA,NA
406201,928,NA,NA,NA,NA
406202,927,NA,NA,NA,NA
406300,929,NA,NA,NA,NA
406400,930,NA,NA,NA,NA
406500,924,NA,NA,NA,NA
406601,923,NA,NA,NA,NA
406602,923,NA,NA,NA,NA
406700,910,NA,NA,NA,NA
406800,909,NA,NA,NA,NA
406900,908,NA,NA,NA,NA
407000,906,NA,NA,NA,NA
407101,905,NA,NA,NA,NA
407102,905,NA,NA,NA,NA
407200,925,NA,NA,NA,NA
407300,896,NA,NA,NA,NA
407400,897,NA,NA,NA,NA
407500,898,NA,NA,NA,NA
407600,904,NA,NA,NA,NA
407700,903,NA,NA,NA,NA
407800,902,NA,NA,NA,NA
407900,907,NA,NA,NA,NA
408000,911,NA,NA,NA,NA
408100,885,NA,NA,NA,NA
408200,901,NA,NA,NA,NA
408300,886,NA,NA,NA,NA
408400,889,NA,NA,NA,NA
408500,890,NA,NA,NA,NA
408600,900,NA,NA,NA,NA
408700,899,NA,NA,NA,NA
408800,895,NA,NA,NA,NA
408900,894,NA,NA,NA,NA
409000,874,875,NA,NA,NA
409100,876,NA,NA,NA,NA
409200,877,NA,NA,NA,NA
409300,878,NA,NA,NA,NA
409400,892,NA,NA,NA,NA
409500,893,NA,NA,NA,NA
409600,891,NA,NA,NA,NA
409700,888,NA,NA,NA,NA
409800,887,NA,NA,NA,NA
409900,884,NA,NA,NA,NA
410000,883,NA,NA,NA,NA
410100,882,NA,NA,NA,NA
410200,881,NA,NA,NA,NA
410300,880,NA,NA,NA,NA
410400,879,NA,NA,NA,NA
410500,985,984,NA,NA,NA
420100,1035,NA,NA,NA,NA
420200,1036,NA,NA,NA,NA
420300,1039,NA,NA,NA,NA
420400,1038,NA,NA,NA,NA
420500,1037,NA,NA,NA,NA
420600,1034,NA,NA,NA,NA
421100,1030,NA,NA,NA,NA
421200,1031,NA,NA,NA,NA
421300,1033,NA,NA,NA,NA
421400,1032,NA,NA,NA,NA
421500,1029,NA,NA,NA,NA
421600,1028,NA,NA,NA,NA
421700,1027,NA,NA,NA,NA
421800,1026,NA,NA,NA,NA
421900,1025,NA,NA,NA,NA
422000,1014,NA,NA,NA,NA
422100,1024,NA,NA,NA,NA
422200,1023,NA,NA,NA,NA
422300,1022,NA,NA,NA,NA
422400,1021,NA,NA,NA,NA
422500,1020,NA,NA,NA,NA
422600,1019,NA,NA,NA,NA
422700,1007,NA,NA,NA,NA
422800,1008,NA,NA,NA,NA
422900,1018,NA,NA,NA,NA
423000,1017,NA,NA,NA,NA
423100,1016,NA,NA,NA,NA
423200,1015,NA,NA,NA,NA
423300,1013,NA,NA,NA,NA
423400,1012,NA,NA,NA,NA
423500,1011,NA,NA,NA,NA
423601,1010,NA,NA,NA,NA
423602,1009,NA,NA,NA,NA
423700,1006,NA,NA,NA,NA
423800,1004,NA,NA,NA,NA
423901,1002,NA,NA,NA,NA
423902,1003,NA,NA,NA,NA
424001,995,NA,NA,NA,NA
424002,994,NA,NA,NA,NA
425101,991,NA,NA,NA,NA
425102,991,NA,NA,NA,NA
425103,991,NA,NA,NA,NA
425104,991,NA,NA,NA,NA
426100,918,NA,NA,NA,NA
426200,917,NA,NA,NA,NA
427100,949,NA,NA,NA,NA
427200,948,NA,NA,NA,NA
427300,960,NA,NA,NA,NA
427600,962,NA,NA,NA,NA
427700,963,NA,NA,NA,NA
427800,959,NA,NA,NA,NA
427900,956,NA,NA,NA,NA
428000,955,NA,NA,NA,NA
428100,950,NA,NA,NA,NA
428200,951,NA,NA,NA,NA
428301,952,NA,NA,NA,NA
428302,953,NA,NA,NA,NA
428400,954,NA,NA,NA,NA
428500,957,NA,NA,NA,NA
428600,958,NA,NA,NA,NA
428700,961,964,NA,NA,NA
430101,844,NA,NA,NA,NA
430102,844,NA,NA,NA,NA
430200,845,NA,NA,NA,NA
430300,844,850,NA,NA,NA
430400,851,NA,NA,NA,NA
430500,853,NA,NA,NA,NA
430600,852,NA,NA,NA,NA
430700,849,NA,NA,NA,NA
430800,846,NA,NA,NA,NA
430900,848,NA,NA,NA,NA
431000,847,NA,NA,NA,NA
431100,842,NA,NA,NA,NA
431200,840,NA,NA,NA,NA
432100,868,NA,NA,NA,NA
432200,869,NA,NA,NA,NA
432300,870,NA,NA,NA,NA
432400,873,NA,NA,NA,NA
432501,872,NA,NA,NA,NA
432502,872,NA,NA,NA,NA
432600,871,NA,NA,NA,NA
432700,867,NA,NA,NA,NA
432800,866,NA,NA,NA,NA
433000,865,NA,NA,NA,NA
433102,863,NA,NA,NA,NA
433103,864,NA,NA,NA,NA
433104,864,NA,NA,NA,NA
433200,862,NA,NA,NA,NA
433300,861,NA,NA,NA,NA
433400,860,NA,NA,NA,NA
433500,859,NA,NA,NA,NA
433600,858,NA,NA,NA,NA
433700,857,NA,NA,NA,NA
433800,856,NA,NA,NA,NA
433900,854,NA,NA,NA,NA
434000,855,NA,NA,NA,NA
435102,821,NA,NA,NA,NA
435103,820,NA,NA,NA,NA
435104,820,NA,NA,NA,NA
435200,843,NA,NA,NA,NA
435300,841,NA,NA,NA,NA
435400,839,NA,NA,NA,NA
435500,838,NA,NA,NA,NA
435601,837,NA,NA,NA,NA
435602,837,NA,NA,NA,NA
435700,836,NA,NA,NA,NA
435800,835,NA,NA,NA,NA
435900,834,NA,NA,NA,NA
436000,833,NA,NA,NA,NA
436100,832,NA,NA,NA,NA
436200,831,NA,NA,NA,NA
436300,828,NA,NA,NA,NA
436401,823,NA,NA,NA,NA
436402,822,NA,NA,NA,NA
436500,824,NA,NA,NA,NA
436601,825,NA,NA,NA,NA
436602,826,NA,NA,NA,NA
436700,829,NA,NA,NA,NA
436800,827,NA,NA,NA,NA
436900,830,NA,NA,NA,NA
437000,812,NA,NA,NA,NA
437101,810,NA,NA,NA,NA
437102,810,NA,NA,NA,NA
437200,811,NA,NA,NA,NA
437300,813,NA,NA,NA,NA
437400,814,NA,NA,NA,NA
437500,815,NA,NA,NA,NA
437600,816,NA,NA,NA,NA
437701,817,NA,NA,NA,NA
437702,817,NA,NA,NA,NA
437800,818,NA,NA,NA,NA
437900,819,NA,NA,NA,NA
438000,804,NA,NA,NA,NA
438100,805,NA,NA,NA,NA
438201,807,NA,NA,NA,NA
438203,806,NA,NA,NA,NA
438204,806,NA,NA,NA,NA
438300,808,NA,NA,NA,NA
438400,809,NA,NA,NA,NA
440100,803,NA,NA,NA,NA
440200,802,NA,NA,NA,NA
440301,797,NA,NA,NA,NA
440304,793,NA,NA,NA,NA
440305,792,790,NA,NA,NA
440306,791,NA,NA,NA,NA
440307,798,NA,NA,NA,NA
440308,800,NA,NA,NA,NA
440331,795,NA,NA,NA,NA
440332,794,NA,NA,NA,NA
440333,796,NA,NA,NA,NA
440334,796,NA,NA,NA,NA
440335,801,NA,NA,NA,NA
440336,801,NA,NA,NA,NA
441100,781,NA,NA,NA,NA
441200,782,NA,NA,NA,NA
441301,783,NA,NA,NA,NA
441302,784,NA,NA,NA,NA
441401,787,NA,NA,NA,NA
441402,799,NA,NA,NA,NA
441501,769,790,NA,NA,NA
441503,769,751,NA,NA,NA
441521,788,NA,NA,NA,NA
441522,789,NA,NA,NA,NA
441523,769,NA,NA,NA,NA
441524,769,NA,NA,NA,NA
441601,786,NA,NA,NA,NA
441602,785,NA,NA,NA,NA
441700,774,NA,NA,NA,NA
441800,776,NA,NA,NA,NA
441921,762,NA,NA,NA,NA
441923,777,NA,NA,NA,NA
441924,778,NA,NA,NA,NA
441925,778,NA,NA,NA,NA
441926,763,NA,NA,NA,NA
441927,763,NA,NA,NA,NA
442000,780,NA,NA,NA,NA
442100,779,NA,NA,NA,NA
442200,756,NA,NA,NA,NA
442301,761,NA,NA,NA,NA
442302,761,NA,NA,NA,NA
442400,760,NA,NA,NA,NA
442500,764,NA,NA,NA,NA
442601,775,NA,NA,NA,NA
442602,775,NA,NA,NA,NA
442700,766,NA,NA,NA,NA
442800,765,NA,NA,NA,NA
442900,759,NA,NA,NA,NA
443001,757,NA,NA,NA,NA
443002,758,NA,NA,NA,NA
443102,753,NA,NA,NA,NA
443103,754,NA,NA,NA,NA
443104,755,NA,NA,NA,NA
443105,755,NA,NA,NA,NA
443200,747,NA,NA,NA,NA
443301,748,NA,NA,NA,NA
443321,749,NA,NA,NA,NA
443322,749,NA,NA,NA,NA
444100,771,NA,NA,NA,NA
444200,770,NA,NA,NA,NA
444301,768,NA,NA,NA,NA
444302,768,NA,NA,NA,NA
444400,772,NA,NA,NA,NA
444500,773,NA,NA,NA,NA
444601,767,NA,NA,NA,NA
444602,767,NA,NA,NA,NA
450101,730,NA,NA,NA,NA
450102,730,NA,NA,NA,NA
450200,731,NA,NA,NA,NA
450300,732,NA,NA,NA,NA
450400,733,NA,NA,NA,NA
450501,734,NA,NA,NA,NA
450502,734,NA,NA,NA,NA
450601,735,NA,NA,NA,NA
450602,736,NA,NA,NA,NA
450603,737,NA,NA,NA,NA
450604,741,NA,NA,NA,NA
450605,740,NA,NA,NA,NA
450606,738,NA,NA,NA,NA
450607,739,NA,NA,NA,NA
450701,746,NA,NA,NA,NA
450741,744,NA,NA,NA,NA
450742,745,NA,NA,NA,NA
450743,742,NA,NA,NA,NA
450744,742,NA,NA,NA,NA
450745,743,NA,NA,NA,NA
450746,743,NA,NA,NA,NA
450750,729,NA,NA,NA,NA
450751,729,NA,NA,NA,NA
450752,729,NA,NA,NA,NA
451101,715,NA,NA,NA,NA
451102,725,NA,NA,NA,NA
451201,719,NA,NA,NA,NA
451202,720,NA,NA,NA,NA
451300,728,NA,NA,NA,NA
451401,721,NA,NA,NA,NA
451403,722,NA,NA,NA,NA
451404,722,NA,NA,NA,NA
451501,716,NA,NA,NA,NA
451503,717,NA,NA,NA,NA
451504,718,NA,NA,NA,NA
451505,718,NA,NA,NA,NA
451506,718,NA,NA,NA,NA
451601,723,NA,NA,NA,NA
451602,724,NA,NA,NA,NA
451701,727,NA,NA,NA,NA
451703,726,NA,NA,NA,NA
451704,726,NA,NA,NA,NA
500100,547,NA,NA,NA,NA
500200,546,NA,NA,NA,NA
500300,538,539,NA,NA,NA
500400,542,NA,NA,NA,NA
500500,541,NA,NA,NA,NA
500600,540,NA,NA,NA,NA
500800,558,NA,NA,NA,NA
500901,557,NA,NA,NA,NA
500902,556,NA,NA,NA,NA
501000,549,NA,NA,NA,NA
501101,548,NA,NA,NA,NA
501102,548,NA,NA,NA,NA
501200,550,NA,NA,NA,NA
501300,554,NA,NA,NA,NA
501401,551,NA,NA,NA,NA
501402,551,NA,NA,NA,NA
501501,552,NA,NA,NA,NA
501502,553,NA,NA,NA,NA
501600,555,NA,NA,NA,NA
501700,560,NA,NA,NA,NA
501800,559,NA,NA,NA,NA
501900,537,NA,NA,NA,NA
502001,535,NA,NA,NA,NA
502002,536,NA,NA,NA,NA
502101,534,NA,NA,NA,NA
502102,533,NA,NA,NA,NA
502201,532,NA,NA,NA,NA
502202,531,NA,NA,NA,NA
502301,528,NA,NA,NA,NA
502302,528,NA,NA,NA,NA
502400,527,NA,NA,NA,NA
502500,526,NA,NA,NA,NA
502601,529,NA,NA,NA,NA
502603,530,NA,NA,NA,NA
502604,530,NA,NA,NA,NA
502701,521,NA,NA,NA,NA
502702,519,NA,NA,NA,NA
502800,520,NA,NA,NA,NA
502901,522,NA,NA,NA,NA
502902,523,NA,NA,NA,NA
502903,524,NA,NA,NA,NA
502906,685,NA,NA,NA,NA
502907,683,NA,NA,NA,NA
502908,684,NA,NA,NA,NA
502909,686,NA,NA,NA,NA
502910,687,NA,NA,NA,NA
503001,525,NA,NA,NA,NA
503002,681,NA,NA,NA,NA
503003,682,NA,NA,NA,NA
503105,579,NA,NA,NA,NA
503108,564,NA,NA,NA,NA
503110,580,NA,NA,NA,NA
503111,577,NA,NA,NA,NA
503112,561,NA,NA,NA,NA
503113,562,NA,NA,NA,NA
503115,566,NA,NA,NA,NA
503116,565,NA,NA,NA,NA
503117,578,NA,NA,NA,NA
503118,578,NA,NA,NA,NA
503121,563,NA,NA,NA,NA
503122,563,NA,NA,NA,NA
503123,563,NA,NA,NA,NA
503204,568,NA,NA,NA,NA
503207,573,NA,NA,NA,NA
503208,571,NA,NA,NA,NA
503210,572,NA,NA,NA,NA
503211,576,NA,NA,NA,NA
503212,575,NA,NA,NA,NA
503213,574,NA,NA,NA,NA
503214,567,NA,NA,NA,NA
503217,569,NA,NA,NA,NA
503218,570,NA,NA,NA,NA
503304,582,NA,NA,NA,NA
503305,583,NA,NA,NA,NA
503306,584,NA,NA,NA,NA
503312,642,NA,NA,NA,NA
503313,647,NA,NA,NA,NA
503315,650,NA,NA,NA,NA
503321,644,NA,NA,NA,NA
503322,643,NA,NA,NA,NA
503323,645,NA,NA,NA,NA
503324,646,NA,NA,NA,NA
503325,649,NA,NA,NA,NA
503326,648,NA,NA,NA,NA
503327,652,NA,NA,NA,NA
503329,653,NA,NA,NA,NA
503330,653,NA,NA,NA,NA
503331,654,NA,NA,NA,NA
503332,654,NA,NA,NA,NA
503333,655,NA,NA,NA,NA
503334,655,NA,NA,NA,NA
503336,651,NA,NA,NA,NA
503337,651,NA,NA,NA,NA
503401,585,NA,NA,NA,NA
503402,581,NA,NA,NA,NA
503504,586,NA,NA,NA,NA
503506,588,NA,NA,NA,NA
503507,587,NA,NA,NA,NA
503508,638,NA,NA,NA,NA
503509,641,NA,NA,NA,NA
503510,639,NA,NA,NA,NA
503511,640,NA,NA,NA,NA
503601,593,NA,NA,NA,NA
503602,592,NA,NA,NA,NA
503703,590,NA,NA,NA,NA
503707,594,NA,NA,NA,NA
503708,596,NA,NA,NA,NA
503709,597,NA,NA,NA,NA
503710,591,NA,NA,NA,NA
503711,591,NA,NA,NA,NA
503712,595,NA,NA,NA,NA
503713,595,NA,NA,NA,NA
503802,630,NA,NA,NA,NA
503803,631,NA,NA,NA,NA
503804,632,NA,NA,NA,NA
503902,633,NA,NA,NA,NA
503903,633,NA,NA,NA,NA
504001,634,NA,NA,NA,NA
504002,589,NA,NA,NA,NA
504101,635,NA,NA,NA,NA
504102,636,NA,NA,NA,NA
504201,629,NA,NA,NA,NA
504202,637,NA,NA,NA,NA
504307,627,NA,NA,NA,NA
504308,628,NA,NA,NA,NA
504311,601,NA,NA,NA,NA
504314,626,NA,NA,NA,NA
504315,623,NA,NA,NA,NA
504316,599,NA,NA,NA,NA
504317,600,NA,NA,NA,NA
504318,602,603,604,NA,NA
504319,598,NA,NA,NA,NA
504320,624,NA,NA,NA,NA
504321,625,NA,NA,NA,NA
504322,605,NA,NA,NA,NA
504323,605,NA,NA,NA,NA
504410,621,NA,NA,NA,NA
504411,622,NA,NA,NA,NA
504412,616,NA,NA,NA,NA
504413,610,NA,NA,NA,NA
504414,609,NA,NA,NA,NA
504415,619,NA,NA,NA,NA
504416,620,NA,NA,NA,NA
504417,618,NA,NA,NA,NA
504418,617,NA,NA,NA,NA
504420,615,NA,NA,NA,NA
504421,614,NA,NA,NA,NA
504422,613,NA,NA,NA,NA
504423,618,NA,NA,NA,NA
504504,608,607,NA,NA,NA
504505,606,NA,NA,NA,NA
504506,612,NA,NA,NA,NA
504507,611,NA,NA,NA,NA
504601,401,NA,NA,NA,NA
504602,404,405,NA,NA,NA
504700,402,NA,NA,NA,NA
504802,419,418,NA,NA,NA
504803,422,NA,NA,NA,NA
504805,421,NA,NA,NA,NA
504806,420,NA,NA,NA,NA
504901,413,NA,NA,NA,NA
505001,415,416,NA,NA,NA
505006,407,409,410,406,408
505007,414,NA,NA,NA,NA
505008,412,NA,NA,NA,NA
505009,412,411,NA,NA,NA
505100,435,434,NA,NA,NA
505202,430,432,429,NA,NA
505203,543,NA,NA,NA,NA
505301,443,NA,NA,NA,NA
505302,438,NA,NA,NA,NA
505303,437,NA,NA,NA,NA
505304,442,NA,NA,NA,NA
505305,444,NA,NA,NA,NA
505401,441,NA,NA,NA,NA
505402,439,NA,NA,NA,NA
505403,440,NA,NA,NA,NA
505500,436,NA,NA,NA,NA
505600,545,NA,NA,NA,NA
505700,544,NA,NA,NA,NA
505800,466,NA,NA,NA,NA
505900,465,NA,NA,NA,NA
506000,464,NA,NA,NA,NA
506101,461,NA,NA,NA,NA
506102,463,NA,NA,NA,NA
506103,462,NA,NA,NA,NA
506202,476,NA,NA,NA,NA
506203,478,NA,NA,NA,NA
506204,477,NA,NA,NA,NA
506301,471,NA,NA,NA,NA
506302,470,NA,NA,NA,NA
506304,472,NA,NA,NA,NA
506305,473,NA,NA,NA,NA
506401,467,NA,NA,NA,NA
506402,468,NA,NA,NA,NA
506501,469,NA,NA,NA,NA
506502,504,NA,NA,NA,NA
506503,503,NA,NA,NA,NA
506601,475,NA,NA,NA,NA
506603,501,NA,NA,NA,NA
506604,499,NA,NA,NA,NA
506605,474,NA,NA,NA,NA
506606,502,NA,NA,NA,NA
506701,500,NA,NA,NA,NA
506702,505,NA,NA,NA,NA
506703,506,NA,NA,NA,NA
506801,518,NA,NA,NA,NA
506802,517,NA,NA,NA,NA
506803,515,NA,NA,NA,NA
506804,516,NA,NA,NA,NA
506900,514,NA,NA,NA,NA
507001,511,NA,NA,NA,NA
507002,513,NA,NA,NA,NA
507100,509,NA,NA,NA,NA
507203,508,NA,NA,NA,NA
507205,507,NA,NA,NA,NA
507206,510,NA,NA,NA,NA
507301,497,NA,NA,NA,NA
507302,496,NA,NA,NA,NA
507401,493,NA,NA,NA,NA
507402,498,NA,NA,NA,NA
507500,494,NA,NA,NA,NA
507600,495,NA,NA,NA,NA
507701,490,NA,NA,NA,NA
507702,489,NA,NA,NA,NA
507703,488,NA,NA,NA,NA
507805,487,NA,NA,NA,NA
507806,486,NA,NA,NA,NA
507807,491,NA,NA,NA,NA
507808,492,NA,NA,NA,NA
507903,481,NA,NA,NA,NA
507904,480,NA,NA,NA,NA
507905,483,NA,NA,NA,NA
507906,482,NA,NA,NA,NA
508001,484,NA,NA,NA,NA
508003,479,NA,NA,NA,NA
508004,479,NA,NA,NA,NA
508101,485,NA,NA,NA,NA
508102,460,NA,NA,NA,NA
508202,459,NA,NA,NA,NA
508203,457,NA,NA,NA,NA
508204,458,NA,NA,NA,NA
508301,454,NA,NA,NA,NA
508303,455,NA,NA,NA,NA
508304,456,NA,NA,NA,NA
508401,453,NA,NA,NA,NA
508403,452,NA,NA,NA,NA
508404,451,NA,NA,NA,NA
508503,449,NA,NA,NA,NA
508504,448,NA,NA,NA,NA
508505,447,NA,NA,NA,NA
508507,445,NA,NA,NA,NA
508508,445,NA,NA,NA,NA
508601,394,NA,NA,NA,NA
508602,450,NA,NA,NA,NA
508703,446,NA,NA,NA,NA
508704,426,427,428,NA,NA
508800,425,NA,NA,NA,NA
508900,423,NA,NA,NA,NA
509000,424,NA,NA,NA,NA
509102,396,395,NA,NA,NA
509105,391,NA,NA,NA,NA
509106,393,NA,NA,NA,NA
509107,392,NA,NA,NA,NA
509108,400,399,NA,NA,NA
509109,398,397,NA,NA,NA
509201,377,NA,NA,NA,NA
509202,376,NA,NA,NA,NA
509302,373,NA,NA,NA,NA
509303,375,NA,NA,NA,NA
509304,374,NA,NA,NA,NA
509401,365,NA,NA,NA,NA
509403,380,NA,NA,NA,NA
509404,372,NA,NA,NA,NA
509500,379,NA,NA,NA,NA
509600,378,NA,NA,NA,NA
509700,390,NA,NA,NA,NA
509801,381,NA,NA,NA,NA
509802,382,NA,NA,NA,NA
509901,383,NA,NA,NA,NA
509902,389,NA,NA,NA,NA
510001,388,NA,NA,NA,NA
510002,387,NA,NA,NA,NA
510100,386,NA,NA,NA,NA
510200,384,NA,NA,NA,NA
510300,370,NA,NA,NA,NA
510400,371,NA,NA,NA,NA
510500,369,NA,NA,NA,NA
510600,367,NA,NA,NA,NA
510700,366,NA,NA,NA,NA
510801,362,NA,NA,NA,NA
510802,364,NA,NA,NA,NA
510803,363,NA,NA,NA,NA
510900,360,NA,NA,NA,NA
511000,361,NA,NA,NA,NA
511100,358,NA,NA,NA,NA
511200,357,NA,NA,NA,NA
511301,356,NA,NA,NA,NA
511302,356,NA,NA,NA,NA
511400,359,NA,NA,NA,NA
511500,350,351,NA,NA,NA
511608,355,NA,NA,NA,NA
511609,355,NA,NA,NA,NA
511701,368,NA,NA,NA,NA
511702,385,NA,NA,NA,NA
511704,347,NA,NA,NA,NA
511705,348,349,347,NA,NA
511707,347,NA,NA,NA,NA
511800,512,NA,NA,NA,NA
511905,692,NA,NA,NA,NA
511907,693,NA,NA,NA,NA
511909,695,NA,NA,NA,NA
511910,691,NA,NA,NA,NA
511911,696,NA,NA,NA,NA
511912,694,NA,NA,NA,NA
511913,689,NA,NA,NA,NA
511914,690,NA,NA,NA,NA
511915,688,NA,NA,NA,NA
511916,688,NA,NA,NA,NA
512001,656,NA,NA,NA,NA
512005,680,NA,NA,NA,NA
512017,670,NA,NA,NA,NA
512019,672,NA,NA,NA,NA
512020,671,NA,NA,NA,NA
512021,668,NA,NA,NA,NA
512022,666,NA,NA,NA,NA
512023,667,NA,NA,NA,NA
512024,679,NA,NA,NA,NA
512025,678,NA,NA,NA,NA
512026,673,NA,NA,NA,NA
512027,677,NA,NA,NA,NA
512029,665,NA,NA,NA,NA
512030,663,NA,NA,NA,NA
512031,662,NA,NA,NA,NA
512032,660,NA,NA,NA,NA
512033,661,NA,NA,NA,NA
512034,659,NA,NA,NA,NA
512035,658,NA,NA,NA,NA
512036,664,NA,NA,NA,NA
512037,664,NA,NA,NA,NA
512038,657,NA,NA,NA,NA
512039,657,NA,NA,NA,NA
512042,669,NA,NA,NA,NA
512043,669,NA,NA,NA,NA
512045,674,NA,NA,NA,NA
512047,675,NA,NA,NA,NA
512052,676,NA,NA,NA,NA
512053,676,NA,NA,NA,NA
512100,697,NA,NA,NA,NA
512200,704,NA,NA,NA,NA
512305,703,NA,NA,NA,NA
512307,701,NA,NA,NA,NA
512308,698,NA,NA,NA,NA
512309,699,NA,NA,NA,NA
512310,700,NA,NA,NA,NA
512311,700,NA,NA,NA,NA
512312,700,NA,NA,NA,NA
512313,702,NA,NA,NA,NA
512314,702,NA,NA,NA,NA
512401,712,NA,NA,NA,NA
512402,713,NA,NA,NA,NA
512503,711,NA,NA,NA,NA
512505,710,NA,NA,NA,NA
512506,709,NA,NA,NA,NA
512508,708,NA,NA,NA,NA
512509,705,NA,NA,NA,NA
512510,705,NA,NA,NA,NA
512602,706,NA,NA,NA,NA
512603,707,NA,NA,NA,NA
512604,707,NA,NA,NA,NA
513000,354,353,NA,NA,NA
513500,714,NA,NA,NA,NA
600100,208,NA,NA,NA,NA
600200,207,NA,NA,NA,NA
600300,206,NA,NA,NA,NA
600401,205,NA,NA,NA,NA
600402,205,NA,NA,NA,NA
600500,202,NA,NA,NA,NA
600600,203,NA,NA,NA,NA
600700,204,NA,NA,NA,NA
600800,192,NA,NA,NA,NA
600900,191,NA,NA,NA,NA
601000,196,NA,NA,NA,NA
601100,195,NA,NA,NA,NA
601200,193,NA,NA,NA,NA
601300,201,NA,NA,NA,NA
601400,194,NA,NA,NA,NA
601501,197,NA,NA,NA,NA
601502,198,NA,NA,NA,NA
601601,200,NA,NA,NA,NA
601603,218,NA,NA,NA,NA
601604,199,NA,NA,NA,NA
601605,219,NA,NA,NA,NA
601700,217,NA,NA,NA,NA
601800,214,NA,NA,NA,NA
601901,215,216,NA,NA,NA
601902,215,216,NA,NA,NA
602000,209,NA,NA,NA,NA
602100,210,NA,NA,NA,NA
602200,211,NA,NA,NA,NA
602300,212,NA,NA,NA,NA
602400,213,NA,NA,NA,NA
602500,231,NA,NA,NA,NA
602600,230,NA,NA,NA,NA
602700,220,NA,NA,NA,NA
602800,221,NA,NA,NA,NA
602900,222,NA,NA,NA,NA
603000,223,NA,NA,NA,NA
603100,224,NA,NA,NA,NA
603200,225,NA,NA,NA,NA
603300,226,NA,NA,NA,NA
603400,227,NA,NA,NA,NA
603700,232,NA,NA,NA,NA
603801,233,NA,NA,NA,NA
603802,233,NA,NA,NA,NA
603900,236,NA,NA,NA,NA
604000,235,NA,NA,NA,NA
604101,237,NA,NA,NA,NA
604102,234,NA,NA,NA,NA
604200,238,NA,NA,NA,NA
604400,240,NA,NA,NA,NA
604500,241,NA,NA,NA,NA
604600,242,NA,NA,NA,NA
604700,243,NA,NA,NA,NA
604800,244,NA,NA,NA,NA
604900,245,NA,NA,NA,NA
605000,246,NA,NA,NA,NA
605100,248,NA,NA,NA,NA
605200,247,NA,NA,NA,NA
605300,250,NA,NA,NA,NA
605400,249,NA,NA,NA,NA
605500,251,NA,NA,NA,NA
605600,252,NA,NA,NA,NA
605700,254,NA,NA,NA,NA
605800,253,NA,NA,NA,NA
605900,258,NA,NA,NA,NA
606000,259,NA,NA,NA,NA
606100,261,NA,NA,NA,NA
606200,260,NA,NA,NA,NA
606300,257,NA,NA,NA,NA
606400,256,NA,NA,NA,NA
606500,255,NA,NA,NA,NA
606600,280,NA,NA,NA,NA
606700,282,NA,NA,NA,NA
606800,291,NA,NA,NA,NA
606900,292,NA,NA,NA,NA
607000,290,NA,NA,NA,NA
607100,285,NA,NA,NA,NA
607200,284,NA,NA,NA,NA
607300,283,NA,NA,NA,NA
607400,281,NA,NA,NA,NA
607500,278,NA,NA,NA,NA
607600,279,NA,NA,NA,NA
607701,262,NA,NA,NA,NA
607702,263,NA,NA,NA,NA
607800,264,NA,NA,NA,NA
607900,265,NA,NA,NA,NA
608001,270,269,NA,NA,NA
608002,271,NA,NA,NA,NA
608004,266,NA,NA,NA,NA
608013,273,NA,NA,NA,NA
608023,272,NA,NA,NA,NA
608100,268,NA,NA,NA,NA
608200,267,NA,NA,NA,NA
608300,269,NA,NA,NA,NA
608400,274,NA,NA,NA,NA
608501,277,NA,NA,NA,NA
608502,276,NA,NA,NA,NA
608600,275,NA,NA,NA,NA
608700,286,NA,NA,NA,NA
608800,289,NA,NA,NA,NA
608900,288,NA,NA,NA,NA
609000,287,NA,NA,NA,NA
609100,310,NA,NA,NA,NA
609201,309,NA,NA,NA,NA
609202,309,NA,NA,NA,NA
609300,318,NA,NA,NA,NA
609400,308,NA,NA,NA,NA
609500,307,NA,NA,NA,NA
609601,306,NA,NA,NA,NA
609602,305,NA,NA,NA,NA
609603,304,NA,NA,NA,NA
609700,302,NA,NA,NA,NA
609800,303,NA,NA,NA,NA
609900,319,NA,NA,NA,NA
610000,317,NA,NA,NA,NA
610100,310,316,NA,NA,NA
610201,314,NA,NA,NA,NA
610202,315,NA,NA,NA,NA
610203,326,NA,NA,NA,NA
610302,313,NA,NA,NA,NA
610303,312,NA,NA,NA,NA
610304,311,NA,NA,NA,NA
610400,330,NA,NA,NA,NA
610500,329,NA,NA,NA,NA
610601,327,NA,NA,NA,NA
610602,328,NA,NA,NA,NA
610700,323,NA,NA,NA,NA
610800,324,NA,NA,NA,NA
610900,325,NA,NA,NA,NA
611000,320,NA,NA,NA,NA
611100,301,NA,NA,NA,NA
611200,321,NA,NA,NA,NA
611300,322,NA,NA,NA,NA
611400,342,NA,NA,NA,NA
611500,339,NA,NA,NA,NA
611600,338,NA,NA,NA,NA
611700,331,NA,NA,NA,NA
611800,332,NA,NA,NA,NA
611900,333,NA,NA,NA,NA
612000,334,NA,NA,NA,NA
612100,335,NA,NA,NA,NA
612500,340,NA,NA,NA,NA
612600,341,NA,NA,NA,NA
612700,343,NA,NA,NA,NA
612800,344,NA,NA,NA,NA
612900,345,NA,NA,NA,NA
613000,346,NA,NA,NA,NA
613200,298,NA,NA,NA,NA
613300,300,NA,NA,NA,NA
613400,299,NA,NA,NA,NA
613501,295,NA,NA,NA,NA
613502,294,NA,NA,NA,NA
613600,293,NA,NA,NA,NA
613700,296,NA,NA,NA,NA
613800,297,NA,NA,NA,NA
613900,337,336,NA,NA,NA
614000,228,229,NA,NA,NA
980000,1252,NA,NA,NA,NA
980200,56,NA,NA,NA,NA
980300,53,NA,NA,NA,NA
980501,158,NA,NA,NA,NA
980600,146,NA,NA,NA,NA
980900,142,NA,NA,NA,NA
981900,965,NA,NA,NA,NA
982000,966,NA,NA,NA,NA
983200,967,NA,NA,NA,NA
984300,239,NA,NA,NA,NA
