joinid,apn
ALAM0002639,072-0380-013-00
ALAM0002641,NULL
ALAM0002642,NULL
ALAM0002643,NULL
ALAM0002644,NULL
ALAM0002645,NULL
ALAM0002646,NULL
ALAM0002647,NULL
ALAM0002648,NULL
ALAM0002649,NULL
ALAM0002650,NULL
ALAM0002651,NULL
ALAM0002652,NULL
ALAM0002653,NULL
ALAM0002654,NULL
ALAM0002655,NULL
ALAM0002656,NULL
ALAM0002657,NULL
ALAM0002658,NULL
ALAM0002659,NULL
ALAM0002660,NULL
ALAM0002661,NULL
ALAM0002662,NULL
ALAM0002663,NULL
ALAM0002664,NULL
ALAM0002665,NULL
ALAM0002666,NULL
ALAM0002667,NULL
ALAM0002668,NULL
ALAM0002673,NULL
ALAM0002674,NULL
ALAM0002677,NULL
ALAM0002678,NULL
ALAM0002680,NULL
ALAM0002681,NULL
ALAM0002682,NULL
ALAM0002683,NULL
ALAM0002684,NULL
ALAM0002685,NULL
ALAM0002686,NULL
ALAM0002687,NULL
ALAM0002688,NULL
ALAM0002689,NULL
ALAM0002690,NULL
ALAM0002691,NULL
ALAM0002692,NULL
ALAM0002693,NULL
ALAM0002694,NULL
ALAM0002695,NULL
ALAM0002696,NULL
ALAM0002697,NULL
ALAM0002698,NULL
ALAM0002699,NULL
ALAM0002700,NULL
ALAM0002701,NULL
ALAM0002702,NULL
ALAM0002703,NULL
ALAM0002704,NULL
ALAM0002705,NULL
ALAM0002748,"054 170200900
"
ALAM0002755,"
055 182101500
"
ALAM0002763,"056 196100400
"
ALAM0002765,NULL
ALAM0002766,NULL
ALAM0002767,NULL
ALAM0002768,NULL
ALAM0002769,NULL
ALAM0002770,NULL
ALAM0002771,NULL
ALAM0002772,NULL
ALAM0002773,NULL
ALAM0002774,NULL
ALAM0002775,NULL
ALAM0002776,NULL
ALAM0002777,NULL
ALAM0002778,NULL
ALAM0002779,NULL
ALAM0002780,NULL
ALAM0002781,NULL
ALAM0002782,NULL
ALAM0002783,NULL
ALAM0002784,NULL
ALAM0002785,NULL
ALAM0002786,NULL
ALAM0002787,NULL
ALAM0002788,NULL
ALAM0002789,NULL
ALAM0002790,NULL
ALAM0002791,NULL
ALAM0002792,NULL
ALAM0002793,NULL
ALAM0002794,NULL
ALAM0002795,NULL
ALAM0002796,NULL
ALAM0002797,NULL
ALAM0002798,NULL
ALAM0002799,NULL
ALAM0002800,NULL
ALAM0002801,NULL
ALAM0002802,NULL
ALAM0002803,NULL
ALAM0002804,NULL
ALAM0002805,NULL
ALAM0002806,NULL
ALAM0002807,NULL
ALAM0002808,NULL
ALAM0002809,NULL
ALAM0002810,NULL
ALAM0002811,NULL
ALAM0002812,NULL
ALAM0002813,NULL
ALAM0002814,NULL
ALAM0002815,NULL
ALAM0002816,NULL
ALAM0002817,NULL
ALAM0002818,NULL
ALAM0002819,NULL
ALAM0002820,NULL
ALAM0002821,NULL
ALAM0002822,NULL
ALAM0002823,NULL
ALAM0002824,NULL
ALAM0002825,NULL
ALAM0002826,NULL
ALAM0002827,NULL
ALAM0002828,NULL
ALAM0002829,NULL
ALAM0002830,NULL
ALAM0002831,NULL
ALAM0002832,NULL
ALAM0002833,NULL
ALAM0002834,NULL
ALAM0002835,NULL
ALAM0002836,NULL
ALAM0002837,NULL
ALAM0002838,NULL
ALAM0002839,NULL
ALAM0002840,NULL
ALAM0002841,NULL
ALAM0002842,NULL
ALAM0002843,NULL
ALAM0002844,NULL
ALAM0002845,NULL
ALAM0002846,NULL
ALAM0002847,NULL
ALAM0002848,NULL
ALAM0002849,NULL
ALAM0002850,NULL
ALAM0002851,NULL
ALAM0002852,NULL
ALAM0002853,NULL
ALAM0002854,NULL
ALAM0002855,NULL
ALAM0002856,NULL
ALAM0002857,NULL
ALAM0002858,NULL
ALAM0002859,NULL
ALAM0002860,NULL
ALAM0002861,NULL
ALAM0002862,NULL
ALAM0002863,NULL
ALAM0002864,NULL
ALAM0002865,NULL
ALAM0002866,NULL
ALAM0002867,NULL
ALAM0002868,NULL
ALAM0002869,NULL
ALAM0002870,NULL
ALAM0002871,NULL
ALAM0002872,NULL
ALAM0002873,NULL
ALAM0002874,NULL
ALAM0002875,NULL
ALAM0002876,NULL
ALAM0002877,NULL
ALAM0002878,NULL
ALAM0002879,NULL
ALAM0002880,NULL
ALAM0002881,NULL
ALAM0002882,NULL
ALAM0002883,NULL
ALAM0002884,NULL
ALAM0002885,NULL
ALAM0002886,NULL
ALAM0002887,NULL
ALAM0002888,NULL
ALAM0002889,NULL
ALAM0002890,NULL
ALAM0002891,NULL
ALAM0002892,NULL
ALAM0002893,NULL
ALAM0002894,NULL
ALAM0002895,NULL
ALAM0002896,NULL
ALAM0002897,NULL
ALAM0002898,NULL
ALAM0002899,NULL
ALAM0002900,NULL
ALAM0002901,NULL
ALAM0002902,NULL
ALAM0002903,NULL
ALAM0002904,NULL
ALAM0002905,NULL
ALAM0002906,NULL
ALAM0002907,NULL
ALAM0002908,NULL
ALAM0002909,NULL
ALAM0002910,NULL
ALAM0002911,NULL
ALAM0002912,NULL
ALAM0002913,NULL
ALAM0002914,NULL
ALAM0002915,NULL
ALAM0002916,NULL
ALAM0002917,NULL
ALAM0002918,NULL
ALAM0002919,NULL
ALAM0002920,NULL
ALAM0002921,NULL
ALAM0002922,NULL
ALAM0002923,NULL
ALAM0002924,NULL
ALAM0002925,NULL
ALAM0002926,NULL
ALAM0002927,NULL
ALAM0002928,NULL
ALAM0002929,NULL
ALAM0002930,NULL
ALAM0002931,NULL
ALAM0002932,NULL
ALAM0002933,NULL
ALAM0002934,NULL
ALAM0002935,NULL
ALAM0002936,NULL
ALAM0002937,NULL
ALAM0002938,NULL
ALAM0002939,NULL
ALAM0002940,NULL
ALAM0002941,NULL
ALAM0002942,NULL
ALAM0002943,NULL
ALAM0002944,NULL
ALAM0002945,NULL
ALAM0002946,NULL
ALAM0002947,NULL
ALAM0002948,NULL
ALAM0002949,NULL
ALAM0002950,NULL
ALAM0002951,NULL
ALAM0002952,NULL
ALAM0002953,NULL
ALAM0002954,NULL
ALAM0002955,NULL
ALAM0002956,NULL
ALAM0002957,NULL
ALAM0002958,NULL
ALAM0002959,NULL
ALAM0002960,NULL
ALAM0002961,NULL
ALAM0002962,NULL
ALAM0002963,NULL
ALAM0002964,NULL
ALAM0002965,NULL
ALAM0002966,NULL
ALAM0002967,NULL
ALAM0002968,NULL
ALAM0002969,NULL
ALAM0002970,NULL
ALAM0002971,NULL
ALAM0002972,NULL
ALAM0002973,NULL
ALAM0002974,NULL
ALAM0002975,NULL
ALAM0002976,NULL
ALAM0002977,NULL
ALAM0002978,NULL
ALAM0002979,NULL
ALAM0002980,NULL
ALAM0002981,NULL
ALAM0002982,NULL
ALAM0002983,NULL
ALAM0002984,NULL
ALAM0002985,NULL
ALAM0002986,NULL
ALAM0002987,NULL
ALAM0002988,NULL
ALAM0002989,NULL
ALAM0002990,NULL
ALAM0002991,NULL
ALAM0002992,NULL
ALAM0002993,NULL
ALAM0002994,NULL
ALAM0002995,NULL
ALAM0002996,NULL
ALAM0002997,NULL
ALAM0002998,NULL
ALAM0002999,NULL
ALAM0003000,NULL
ALAM0003001,NULL
ALAM0003002,NULL
ALAM0003003,NULL
ALAM0003004,NULL
ALAM0003005,NULL
ALAM0003006,NULL
ALAM0003007,NULL
ALAM0003008,NULL
ALAM0003009,NULL
ALAM0003010,NULL
ALAM0003011,NULL
ALAM0003012,NULL
ALAM0003013,NULL
ALAM0003014,NULL
ALAM0003015,NULL
ALAM0003016,NULL
ALAM0003017,NULL
ALAM0003018,NULL
ALAM0003019,NULL
ALAM0003020,NULL
ALAM0003021,NULL
ALAM0003022,NULL
ALAM0003023,NULL
ALAM0003024,NULL
ALAM0003025,NULL
ALAM0003026,NULL
ALAM0003027,NULL
ALAM0003028,NULL
ALAM0003029,NULL
ALAM0003030,NULL
ALAM0003031,NULL
ALAM0003032,NULL
ALAM0003033,NULL
ALAM0003034,NULL
ALAM0003035,NULL
ALAM0003036,NULL
ALAM0003037,NULL
ALAM0003038,NULL
ALAM0003039,NULL
ALAM0003040,NULL
ALAM0003041,NULL
ALAM0003042,NULL
ALAM0003043,NULL
ALAM0003044,NULL
ALAM0003045,NULL
ALAM0003046,NULL
ALAM0003047,NULL
ALAM0003048,NULL
ALAM0003049,NULL
ALAM0003050,NULL
ALAM0003051,NULL
ALAM0003052,NULL
ALAM0003053,NULL
ALAM0003054,NULL
ALAM0003055,NULL
ALAM0003056,NULL
ALAM0003057,NULL
ALAM0003058,NULL
ALAM0003059,NULL
ALAM0003060,NULL
ALAM0003061,NULL
ALAM0003062,NULL
ALAM0003063,NULL
ALAM0003064,NULL
ALAM0003065,NULL
ALAM0003066,NULL
ALAM0003067,NULL
ALAM0003068,NULL
ALAM0003069,NULL
ALAM0003070,NULL
ALAM0003071,NULL
ALAM0003072,NULL
ALAM0003073,NULL
ALAM0003074,NULL
ALAM0003075,NULL
ALAM0003076,NULL
ALAM0003077,NULL
ALAM0003078,NULL
ALAM0003079,NULL
ALAM0003080,NULL
ALAM0003081,NULL
ALAM0003082,NULL
ALAM0003083,NULL
ALAM0003084,NULL
ALAM0003085,NULL
ALAM0003086,NULL
ALAM0003087,NULL
ALAM0003088,NULL
ALAM0003089,NULL
ALAM0003090,NULL
ALAM0003091,NULL
ALAM0003092,NULL
ALAM0003093,NULL
ALAM0003094,NULL
ALAM0003095,NULL
ALAM0003096,NULL
ALAM0003097,NULL
ALAM0003098,NULL
ALAM0003099,NULL
ALAM0003100,NULL
ALAM0003101,NULL
ALAM0003102,NULL
ALAM0003103,NULL
ALAM0003104,NULL
ALAM0003105,NULL
ALAM0003106,NULL
ALAM0003107,NULL
ALAM0003108,NULL
ALAM0003109,NULL
ALAM0003110,NULL
ALAM0003111,NULL
ALAM0003112,NULL
ALAM0003113,NULL
ALAM0003114,NULL
ALAM0003115,NULL
ALAM0003116,NULL
ALAM0003117,NULL
ALAM0003118,NULL
ALAM0003119,NULL
ALAM0003120,NULL
ALAM0003121,NULL
ALAM0003122,NULL
ALAM0003123,NULL
ALAM0003124,NULL
ALAM0003125,NULL
ALAM0003126,NULL
ALAM0003127,NULL
ALAM0003128,NULL
ALAM0003129,NULL
ALAM0003130,NULL
ALAM0003131,NULL
ALAM0003132,NULL
ALAM0003133,NULL
ALAM0003134,NULL
ALAM0003135,NULL
ALAM0003136,NULL
ALAM0003137,NULL
ALAM0003138,NULL
ALAM0003139,NULL
ALAM0003140,NULL
ALAM0003141,NULL
ALAM0003142,NULL
ALAM0003143,NULL
ALAM0003144,NULL
ALAM0003145,NULL
ALAM0003146,NULL
ALAM0003147,NULL
ALAM0003148,NULL
ALAM0003149,NULL
ALAM0003150,NULL
ALAM0003151,NULL
ALAM0003152,NULL
ALAM0003153,NULL
ALAM0003154,NULL
ALAM0003155,NULL
ALAM0003156,NULL
ALAM0003157,NULL
ALAM0003158,NULL
ALAM0003159,NULL
ALAM0003160,NULL
ALAM0003161,NULL
ALAM0003162,NULL
ALAM0003163,NULL
ALAM0003164,NULL
ALAM0003165,NULL
ALAM0003166,NULL
ALAM0003167,NULL
ALAM0003168,NULL
ALAM0003169,NULL
ALAM0003170,NULL
ALAM0003171,NULL
ALAM0003172,NULL
ALAM0003173,NULL
ALAM0003174,NULL
ALAM0003175,NULL
ALAM0003176,NULL
ALAM0003177,NULL
ALAM0003178,NULL
ALAM0003179,NULL
ALAM0003180,NULL
ALAM0003181,NULL
ALAM0003182,NULL
ALAM0003183,NULL
ALAM0003184,NULL
ALAM0003185,NULL
ALAM0003186,NULL
ALAM0003187,NULL
ALAM0003188,NULL
ALAM0003189,NULL
ALAM0003190,NULL
ALAM0003191,NULL
ALAM0003192,NULL
ALAM0003193,NULL
ALAM0003194,NULL
ALAM0003195,NULL
ALAM0003196,NULL
ALAM0003197,NULL
ALAM0003198,NULL
ALAM0003199,NULL
ALAM0003200,NULL
ALAM0003201,NULL
ALAM0003202,NULL
ALAM0003203,NULL
ALAM0003204,NULL
ALAM0003205,NULL
ALAM0003206,NULL
ALAM0003207,NULL
ALAM0003208,NULL
ALAM0003209,NULL
ALAM0003210,NULL
ALAM0003211,NULL
ALAM0003212,NULL
ALAM0003213,NULL
ALAM0003214,NULL
ALAM0003215,NULL
ALAM0003216,NULL
ALAM0003217,NULL
ALAM0003218,NULL
ALAM0003219,NULL
ALAM0003220,NULL
ALAM0003221,NULL
ALAM0003222,NULL
ALAM0003223,NULL
ALAM0003224,NULL
ALAM0003225,NULL
ALAM0003226,NULL
ALAM0003227,NULL
ALAM0003228,NULL
ALAM0003229,NULL
ALAM0003230,NULL
ALAM0003231,NULL
ALAM0003232,NULL
ALAM0003233,NULL
ALAM0003234,NULL
ALAM0003235,NULL
ALAM0003236,NULL
ALAM0003237,NULL
ALAM0003238,049-1174-019
ALAM0003239,NULL
ALAM0003240,NULL
ALAM0003241,NULL
ALAM0003242,NULL
ALAM0003243,NULL
ALAM0003244,NULL
ALAM0003245,NULL
ALAM0003246,NULL
ALAM0003247,NULL
ALAM0003248,NULL
ALAM0003249,NULL
ALAM0003250,NULL
ALAM0003251,NULL
ALAM0003252,NULL
ALAM0003253,NULL
ALAM0003254,NULL
ALAM0003255,NULL
ALAM0003256,NULL
ALAM0003257,NULL
ALAM0003258,NULL
ALAM0003259,NULL
ALAM0003260,NULL
ALAM0003261,NULL
ALAM0003262,NULL
ALAM0003263,NULL
ALAM0003264,NULL
ALAM0003265,NULL
ALAM0003266,NULL
ALAM0003267,NULL
ALAM0003268,NULL
ALAM0003269,NULL
ALAM0003270,NULL
ALAM0003271,NULL
ALAM0003272,NULL
ALAM0003273,NULL
ALAM0003274,NULL
ALAM0003275,NULL
ALAM0003276,NULL
ALAM0003277,NULL
ALAM0003278,NULL
ALAM0003279,NULL
ALAM0003280,NULL
ALAM0003281,NULL
ALAM0003282,NULL
ALAM0003283,NULL
ALAM0003284,NULL
ALAM0003285,NULL
ALAM0003286,NULL
ALAM0003287,NULL
ALAM0003288,NULL
ALAM0003289,NULL
ALAM0003290,NULL
ALAM0003291,NULL
ALAM0003292,NULL
ALAM0003293,NULL
ALAM0003294,NULL
ALAM0003295,NULL
ALAM0003296,NULL
ALAM0003297,NULL
ALAM0003298,NULL
ALAM0003299,NULL
ALAM0003300,NULL
ALAM0003301,NULL
ALAM0003302,NULL
ALAM0003303,NULL
ALAM0003304,NULL
ALAM0003305,NULL
ALAM0003306,NULL
ALAM0003307,NULL
ALAM0003308,NULL
ALAM0003309,NULL
ALAM0003310,NULL
ALAM0003311,NULL
ALAM0003312,NULL
ALAM0003313,NULL
ALAM0003314,NULL
ALAM0003315,NULL
ALAM0003316,NULL
ALAM0003317,NULL
ALAM0003318,NULL
ALAM0003319,NULL
ALAM0003320,NULL
ALAM0003321,NULL
ALAM0003322,NULL
ALAM0003323,NULL
ALAM0003324,NULL
ALAM0003325,NULL
ALAM0003326,NULL
ALAM0003327,NULL
ALAM0003328,NULL
ALAM0003329,NULL
ALAM0003330,NULL
ALAM0003331,NULL
ALAM0003332,NULL
ALAM0003333,NULL
ALAM0003334,NULL
ALAM0003335,NULL
ALAM0003336,NULL
ALAM0003337,NULL
ALAM0003338,NULL
ALAM0003339,NULL
ALAM0003340,NULL
ALAM0003341,NULL
ALAM0003342,NULL
ALAM0003343,NULL
ALAM0003344,NULL
ALAM0003345,NULL
ALAM0003346,NULL
ALAM0003347,NULL
ALAM0003348,NULL
ALAM0003349,NULL
ALAM0003350,NULL
ALAM0003351,NULL
ALAM0003352,NULL
ALAM0003353,NULL
ALAM0003354,NULL
ALAM0003355,NULL
ALAM0003356,NULL
ALAM0003357,NULL
ALAM0003358,NULL
ALAM0003359,NULL
ALAM0003360,NULL
ALAM0003361,NULL
ALAM0003362,NULL
ALAM0003363,NULL
ALAM0003364,NULL
ALAM0003365,NULL
ALAM0003366,NULL
ALAM0003367,NULL
ALAM0003368,NULL
ALAM0003369,NULL
ALAM0003370,NULL
ALAM0003371,NULL
ALAM0003372,NULL
ALAM0003373,NULL
ALAM0003374,NULL
ALAM0003375,NULL
ALAM0003376,NULL
ALAM0003377,NULL
ALAM0003378,NULL
ALAM0003379,NULL
ALAM0003380,NULL
ALAM0003381,NULL
ALAM0003382,NULL
ALAM0003383,NULL
ALAM0003384,NULL
ALAM0003385,NULL
ALAM0003386,NULL
ALAM0003387,NULL
ALAM0003388,NULL
ALAM0003389,NULL
ALAM0003390,NULL
ALAM0003391,NULL
ALAM0003392,NULL
ALAM0003393,NULL
ALAM0003394,NULL
ALAM0003395,NULL
ALAM0003396,NULL
ALAM0003397,NULL
ALAM0003398,NULL
ALAM0003399,NULL
ALAM0003400,NULL
ALAM0003401,NULL
ALAM0003402,NULL
ALAM0003403,NULL
ALAM0003404,NULL
ALAM0003405,NULL
ALAM0003406,NULL
ALAM0003407,NULL
ALAM0003408,NULL
ALAM0003409,NULL
ALAM0003410,NULL
ALAM0003411,NULL
ALAM0003412,NULL
ALAM0003413,NULL
ALAM0003414,NULL
ALAM0003415,NULL
ALAM0003416,NULL
ALAM0003417,NULL
ALAM0003418,NULL
ALAM0003419,NULL
ALAM0003420,NULL
ALAM0003421,NULL
ALAM0003422,NULL
ALAM0003423,NULL
ALAM0003424,NULL
ALAM0003425,NULL
ALAM0003426,NULL
ALAM0003427,NULL
ALAM0003428,NULL
ALAM0003429,NULL
ALAM0003430,NULL
ALAM0003431,NULL
ALAM0003432,NULL
ALAM0003433,NULL
ALAM0003434,NULL
ALAM0003435,NULL
ALAM0003436,NULL
ALAM0003437,NULL
ALAM0003438,NULL
ALAM0003439,NULL
ALAM0003440,NULL
ALAM0003441,NULL
ALAM0003442,NULL
ALAM0003443,NULL
ALAM0003444,NULL
ALAM0003445,NULL
ALAM0003446,NULL
ALAM0003447,NULL
ALAM0003448,NULL
ALAM0003449,NULL
ALAM0003450,NULL
ALAM0003451,NULL
ALAM0003452,NULL
ALAM0003453,NULL
ALAM0003454,NULL
ALAM0003455,NULL
ALAM0003456,NULL
ALAM0003457,NULL
ALAM0003458,NULL
ALAM0003459,NULL
ALAM0003460,NULL
ALAM0003461,NULL
ALAM0003462,NULL
ALAM0003463,NULL
ALAM0003464,NULL
ALAM0003465,NULL
ALAM0003466,NULL
ALAM0003467,NULL
ALAM0003468,NULL
ALAM0003469,NULL
ALAM0003470,NULL
ALAM0003471,NULL
ALAM0003472,NULL
ALAM0003473,NULL
ALAM0003474,NULL
ALAM0003475,NULL
ALAM0003476,NULL
ALAM0003477,NULL
ALAM0003478,NULL
ALAM0003479,NULL
ALAM0003480,NULL
ALAM0003481,NULL
ALAM0003482,NULL
ALAM0003483,NULL
ALAM0003484,NULL
ALAM0003485,NULL
ALAM0003486,NULL
ALAM0003487,NULL
ALAM0003488,NULL
ALAM0003489,NULL
ALAM0003490,NULL
ALAM0003491,NULL
ALAM0003492,NULL
ALAM0003493,NULL
ALAM0003494,NULL
ALAM0003495,NULL
ALAM0003496,NULL
ALAM0003497,NULL
ALAM0003498,NULL
ALAM0003499,NULL
ALAM0003500,NULL
ALAM0003501,NULL
ALAM0003502,NULL
ALAM0003503,NULL
ALAM0003504,NULL
ALAM0003505,NULL
ALAM0003506,NULL
ALAM0003507,NULL
ALAM0003508,NULL
ALAM0003509,NULL
ALAM0003510,NULL
ALAM0003511,NULL
ALAM0003512,NULL
ALAM0003513,NULL
ALAM0003514,NULL
ALAM0003515,NULL
ALAM0003516,NULL
ALAM0003517,NULL
ALAM0003518,NULL
ALAM0003519,NULL
ALAM0003520,NULL
ALAM0003521,NULL
ALAM0003522,NULL
ALAM0003523,NULL
ALAM0003524,NULL
ALAM0003525,NULL
ALAM0003526,NULL
ALAM0003527,NULL
ALAM0003528,NULL
ALAM0003529,NULL
ALAM0003530,NULL
ALAM0003531,NULL
ALAM0003532,NULL
ALAM0003533,NULL
ALAM0003534,NULL
ALAM0003535,NULL
ALAM0003536,NULL
ALAM0003537,NULL
ALAM0003538,NULL
ALAM0003539,NULL
ALAM0003540,NULL
ALAM0003541,NULL
ALAM0003542,NULL
ALAM0003543,NULL
ALAM0003544,NULL
ALAM0003545,NULL
ALAM0003546,NULL
ALAM0003547,NULL
ALAM0003548,NULL
ALAM0003549,NULL
ALAM0003550,NULL
ALAM0003551,NULL
ALAM0003552,NULL
ALAM0003553,NULL
ALAM0003554,NULL
ALAM0003555,NULL
ALAM0003556,NULL
ALAM0003557,NULL
ALAM0003558,NULL
ALAM0003559,NULL
ALAM0003560,NULL
ALAM0003561,NULL
ALAM0003562,NULL
ALAM0003563,NULL
ALAM0003564,NULL
ALAM0003565,NULL
ALAM0003566,NULL
ALAM0003567,NULL
ALAM0003568,NULL
ALAM0003569,NULL
ALAM0003570,NULL
ALAM0003571,NULL
ALAM0003572,NULL
ALAM0003573,NULL
ALAM0003574,NULL
ALAM0003575,NULL
ALAM0003576,NULL
ALAM0003577,NULL
ALAM0003578,NULL
ALAM0003579,NULL
ALAM0003580,NULL
ALAM0003581,NULL
ALAM0003582,NULL
ALAM0003583,NULL
ALAM0003584,NULL
ALAM0003585,NULL
ALAM0003586,NULL
ALAM0003587,NULL
ALAM0003588,NULL
ALAM0003589,NULL
ALAM0003590,NULL
ALAM0003591,NULL
ALAM0003592,NULL
ALAM0003593,NULL
ALAM0003594,NULL
ALAM0003595,NULL
ALAM0003596,NULL
ALAM0003597,NULL
ALAM0003598,NULL
ALAM0003599,NULL
ALAM0003600,NULL
ALAM0003601,NULL
ALAM0003602,NULL
ALAM0003603,NULL
ALAM0003604,NULL
ALAM0003605,NULL
ALAM0003606,NULL
ALAM0003607,NULL
ALAM0003608,NULL
ALAM0003609,NULL
ALAM0003610,NULL
ALAM0003611,NULL
ALAM0003612,NULL
ALAM0003613,NULL
ALAM0003614,NULL
ALAM0003615,NULL
ALAM0003616,NULL
ALAM0003617,NULL
ALAM0003618,NULL
ALAM0003619,NULL
ALAM0003620,NULL
ALAM0003621,NULL
ALAM0003622,NULL
ALAM0003623,NULL
ALAM0003624,NULL
ALAM0003625,NULL
ALAM0003626,NULL
ALAM0003627,NULL
ALAM0003628,NULL
ALAM0003629,NULL
ALAM0003630,NULL
ALAM0003631,NULL
ALAM0003632,NULL
ALAM0003633,NULL
ALAM0003634,NULL
ALAM0003635,NULL
ALAM0003636,NULL
ALAM0003637,NULL
ALAM0003638,NULL
ALAM0003639,NULL
ALAM0003640,NULL
ALAM0003641,NULL
ALAM0003642,NULL
ALAM0003643,NULL
ALAM0003644,NULL
ALAM0003645,NULL
ALAM0003646,NULL
ALAM0003647,NULL
ALAM0003648,NULL
ALAM0003649,NULL
ALAM0003650,NULL
ALAM0003651,NULL
ALAM0003652,NULL
ALAM0003653,NULL
ALAM0003654,NULL
ALAM0003655,NULL
ALAM0003656,NULL
ALAM0003657,NULL
ALAM0003658,NULL
ALAM0003659,NULL
ALAM0003660,NULL
ALAM0003661,NULL
ALAM0003662,NULL
ALAM0003663,NULL
ALAM0003664,NULL
ALAM0003665,NULL
ALAM0003666,NULL
ALAM0003667,NULL
ALAM0003668,NULL
ALAM0003669,NULL
ALAM0003670,NULL
ALAM0003671,NULL
ALAM0003672,NULL
ALAM0003673,NULL
ALAM0003674,NULL
ALAM0003675,NULL
ALAM0003676,NULL
ALAM0003677,NULL
ALAM0003678,NULL
ALAM0003679,NULL
ALAM0003680,NULL
ALAM0003681,NULL
ALAM0003682,NULL
ALAM0003683,NULL
ALAM0003684,NULL
ALAM0003685,NULL
ALAM0003686,NULL
ALAM0003687,NULL
ALAM0003688,NULL
ALAM0003689,NULL
ALAM0003690,NULL
ALAM0003691,NULL
ALAM0003692,NULL
ALAM0003693,NULL
ALAM0003694,NULL
ALAM0003695,NULL
ALAM0003696,NULL
ALAM0003697,NULL
ALAM0003698,NULL
ALAM0003699,NULL
ALAM0003700,NULL
ALAM0003701,NULL
ALAM0003702,NULL
ALAM0003703,NULL
ALAM0003704,NULL
ALAM0003705,NULL
ALAM0003706,NULL
ALAM0003707,NULL
ALAM0003708,NULL
ALAM0003709,NULL
ALAM0003710,NULL
ALAM0003711,NULL
ALAM0003712,NULL
ALAM0003713,NULL
ALAM0003714,NULL
ALAM0003715,NULL
ALAM0003716,NULL
ALAM0003717,NULL
ALAM0003718,NULL
ALAM0003719,NULL
ALAM0003720,NULL
ALAM0003721,NULL
ALAM0003722,NULL
ALAM0003723,NULL
ALAM0003724,NULL
ALAM0003725,NULL
ALAM0003726,NULL
ALAM0003727,NULL
ALAM0003728,NULL
ALAM0003729,NULL
ALAM0003730,NULL
ALAM0003731,NULL
ALAM0003732,NULL
ALAM0003733,NULL
ALAM0003734,NULL
ALAM0003735,NULL
ALAM0003736,NULL
ALAM0003739,098 041005600
ALAM0003744,099B813202600
ALAM0003745,099B813202700
ALAM0003746,099B813202800
ALAM0003747,099B813202900
ALAM0003748,099B813203000
ALAM0003749,099B813203100
ALAM0003750,099B813203200
ALAM0003751,099B813203300
ALAM0003752,099B813203400
ALAM0003753,099B813203500
ALAM0003754,099B813203600
ALAM0003755,099B813203700
ALAM0003756,099B813203800
ALAM0003757,099B813203900
ALAM0003758,099B813204000
ALAM0003759,099B813204100
ALAM0003760,099B813204200
ALAM0003761,099B813204300
ALAM0003762,099B813204400
ALAM0003763,099B813204500
ALAM0003764,099B813204600
ALAM0003765,099B813204700
ALAM0003766,099B813204800
ALAM0003767,099B813204900
ALAM0003768,099B813205100
ALAM0003769,099B813205200
ALAM0003770,099B813205300
ALAM0003771,099B813205400
ALAM0003772,099B813205500
ALAM0003773,099B813205600
ALAM0003774,099B813205700
ALAM0003775,099B813205900
ALAM0003776,099B813206000
ALAM0003777,099B813206100
ALAM0003778,099B813206200
ALAM0003779,099B813206300
ALAM0003780,099B813206400
ALAM0003781,099B813206500
ALAM0003782,099B813206600
ALAM0003783,099B813207000
ALAM0003784,099B813207100
ALAM0003785,099B813207200
ALAM0003786,099B813207300
ALAM0003787,099B813207400
ALAM0003788,099B813207500
ALAM0003789,099B813209200
ALAM0003790,099B813209300
ALAM0003791,099B813209400
ALAM0003792,099B813209500
ALAM0003793,099B813209600
ALAM0003794,099B813209700
ALAM0003795,099B813209800
ALAM0003796,099B813209900
ALAM0003797,099B8132010000
ALAM0003798,099B8132010100
ALAM0003799,099B8132010200
ALAM0003800,099B8132010300
ALAM0003801,099B8132010400
ALAM0003802,099B8132010500
ALAM0003803,099B8132010600
ALAM0003804,099B8132010700
ALAM0003805,099B8132010800
ALAM0003806,099B8132010900
ALAM0003807,099B8132011000
ALAM0003808,099B8132011100
ALAM0003809,099B8132011200
ALAM0003810,099B8132011300
ALAM0003811,099B813211400
ALAM0003812,099B813211500
ALAM0003813,099B813211600
ALAM0003814,099B813211700
ALAM0003815,099B813212100
ALAM0003816,099B813212200
ALAM0003817,099B813212300
ALAM0003818,NULL
ALAM0003819,NULL
ALAM0003820,NULL
ALAM0003821,NULL
ALAM0003822,NULL
ALAM0003826,unknown
ALAM0003833,099B813208800
ALAM0003834,099B813208900
ALAM0003835,099B813209000
ALAM0003836,099B813209100
ALAM0003845,903 001400900
ALAM0003846,903 001400900
ALAM0003847,903 001400900
ALAM0003848,903 001400900
ALAM0003849,903 001504000
ALAM0003865,NULL
ALAM0003866,NULL
ALAM0003867,NULL
ALAM0003868,NULL
ALAM0003869,NULL
ALAM0003870,NULL
ALAM0003871,NULL
ALAM0003872,NULL
ALAM0003873,NULL
ALAM0003874,NULL
ALAM0003875,NULL
ALAM0003876,NULL
ALAM0003877,NULL
ALAM0003878,NULL
ALAM0003879,NULL
ALAM0003880,NULL
ALAM0003881,NULL
ALAM0003882,NULL
ALAM0003883,NULL
ALAM0003884,NULL
ALAM0003885,NULL
ALAM0003886,NULL
ALAM0003887,NULL
ALAM0003888,NULL
ALAM0003889,NULL
ALAM0003890,NULL
ALAM0003891,NULL
ALAM0003892,NULL
ALAM0003893,NULL
ALAM0003894,NULL
ALAM0003895,NULL
ALAM0003896,NULL
ALAM0003897,NULL
ALAM0003898,NULL
ALAM0003899,NULL
ALAM0003900,NULL
ALAM0003901,NULL
ALAM0003902,NULL
ALAM0003903,NULL
ALAM0003904,NULL
ALAM0003905,NULL
ALAM0003906,NULL
ALAM0003907,NULL
ALAM0003908,NULL
ALAM0003909,NULL
ALAM0003910,NULL
ALAM0003911,NULL
ALAM0003912,NULL
ALAM0003913,NULL
ALAM0003914,NULL
ALAM0003915,NULL
ALAM0003916,NULL
ALAM0003917,NULL
ALAM0003918,NULL
ALAM0003919,NULL
ALAM0003920,NULL
ALAM0003921,NULL
ALAM0003922,NULL
ALAM0003923,NULL
ALAM0003924,NULL
ALAM0003925,NULL
ALAM0003926,NULL
ALAM0003927,NULL
ALAM0003928,NULL
ALAM0003929,NULL
ALAM0003930,NULL
ALAM0003931,NULL
ALAM0003932,NULL
ALAM0003933,NULL
ALAM0003934,NULL
ALAM0003935,NULL
ALAM0003936,NULL
ALAM0003937,NULL
ALAM0003938,NULL
ALAM0003939,NULL
ALAM0003940,NULL
ALAM0003941,NULL
ALAM0003942,NULL
ALAM0003943,NULL
ALAM0003944,NULL
ALAM0003945,NULL
ALAM0003946,NULL
ALAM0003947,NULL
ALAM0003948,NULL
ALAM0003949,NULL
ALAM0003950,NULL
ALAM0003951,NULL
ALAM0003952,NULL
ALAM0003953,NULL
ALAM0003954,NULL
ALAM0003955,NULL
ALAM0003956,NULL
ALAM0003957,NULL
ALAM0003958,NULL
ALAM0003959,NULL
ALAM0003960,NULL
ALAM0003961,NULL
ALAM0003962,NULL
ALAM0003963,NULL
ALAM0003964,NULL
ALAM0003965,NULL
ALAM0003966,NULL
ALAM0003967,NULL
ALAM0003968,NULL
ALAM0003972,037A31661400
ALAM0003973,037A31661400
ALAM0003974,037A31661400
ALAM0003975,000O031001200
ALAM0003976,000O031001200
ALAM0003978,000O031001200
ALAM0003979,000O031001200
ALAM0003998,NULL
ALAM0003999,NULL
ALAM0004000,NULL
ALAM0004001,NULL
ALAM0004002,NULL
ALAM0004003,NULL
ALAM0004004,NULL
ALAM0004005,NULL
ALAM0004006,NULL
ALAM0004007,NULL
ALAM0004008,NULL
ALAM0004009,NULL
ALAM0004010,NULL
ALAM0004011,NULL
ALAM0004012,NULL
ALAM0004013,NULL
ALAM0004014,NULL
ALAM0004015,NULL
ALAM0004016,NULL
ALAM0004017,NULL
ALAM0004018,NULL
ALAM0004019,NULL
ALAM0004020,NULL
ALAM0004021,NULL
ALAM0004022,NULL
ALAM0004023,NULL
ALAM0004024,NULL
ALAM0004025,NULL
ALAM0004026,NULL
ALAM0004027,NULL
ALAM0004028,NULL
ALAM0004029,NULL
ALAM0004030,NULL
ALAM0004031,NULL
ALAM0004032,NULL
ALAM0004033,NULL
ALAM0004034,NULL
ALAM0004035,NULL
ALAM0004036,NULL
ALAM0004037,NULL
ALAM0004038,NULL
ALAM0004039,NULL
ALAM0004040,NULL
ALAM0004041,NULL
ALAM0004042,NULL
ALAM0004043,NULL
ALAM0004044,NULL
ALAM0004045,NULL
ALAM0004046,NULL
ALAM0004047,NULL
ALAM0004048,NULL
ALAM0004049,NULL
ALAM0004050,NULL
ALAM0004051,NULL
ALAM0004052,NULL
ALAM0004053,NULL
ALAM0004054,NULL
ALAM0004055,NULL
ALAM0004056,NULL
ALAM0004057,NULL
ALAM0004058,NULL
ALAM0004059,NULL
ALAM0004060,NULL
ALAM0004061,NULL
ALAM0004062,NULL
ALAM0004063,NULL
ALAM0004064,NULL
ALAM0004065,NULL
ALAM0004066,NULL
ALAM0004067,NULL
ALAM0004068,NULL
ALAM0004069,NULL
ALAM0004070,NULL
ALAM0004071,NULL
ALAM0004072,NULL
ALAM0004073,NULL
ALAM0004074,NULL
ALAM0004075,NULL
ALAM0004076,NULL
ALAM0004077,NULL
ALAM0004078,NULL
ALAM0004079,NULL
ALAM0004080,NULL
ALAM0004081,NULL
ALAM0004082,NULL
ALAM0004083,NULL
ALAM0004084,NULL
ALAM0004085,NULL
ALAM0004086,NULL
ALAM0004087,NULL
ALAM0004088,NULL
ALAM0004089,NULL
ALAM0004090,NULL
ALAM0004091,NULL
ALAM0004092,NULL
ALAM0004093,NULL
ALAM0004094,NULL
ALAM0004095,NULL
ALAM0004096,NULL
ALAM0004097,NULL
ALAM0004098,NULL
ALAM0004099,NULL
ALAM0004100,NULL
ALAM0004101,NULL
ALAM0004102,NULL
ALAM0004103,NULL
ALAM0004104,NULL
ALAM0004105,NULL
ALAM0004106,NULL
ALAM0004107,NULL
ALAM0004108,NULL
ALAM0004109,NULL
ALAM0004110,NULL
ALAM0004111,NULL
ALAM0004112,NULL
ALAM0004113,NULL
ALAM0004114,NULL
ALAM0004115,NULL
ALAM0004116,NULL
ALAM0004117,NULL
ALAM0004118,NULL
ALAM0004119,NULL
ALAM0004120,NULL
ALAM0004121,NULL
ALAM0004122,NULL
ALAM0004123,NULL
ALAM0004124,NULL
ALAM0004125,NULL
ALAM0004126,NULL
ALAM0004127,NULL
ALAM0004128,NULL
ALAM0004129,NULL
ALAM0004130,NULL
ALAM0004131,NULL
ALAM0004132,NULL
ALAM0004133,NULL
ALAM0004134,NULL
ALAM0004135,NULL
ALAM0004136,NULL
ALAM0004137,NULL
ALAM0004138,NULL
ALAM0004139,NULL
ALAM0004140,NULL
ALAM0004141,NULL
ALAM0004142,NULL
ALAM0004143,NULL
ALAM0004144,NULL
ALAM0004145,NULL
ALAM0004146,NULL
ALAM0004147,NULL
ALAM0004148,NULL
ALAM0004149,NULL
ALAM0004150,NULL
ALAM0004151,NULL
ALAM0004152,NULL
ALAM0004153,NULL
ALAM0004154,NULL
ALAM0004155,NULL
ALAM0004156,NULL
ALAM0004157,NULL
ALAM0004158,NULL
ALAM0004159,NULL
ALAM0004160,NULL
ALAM0004161,NULL
ALAM0004162,NULL
ALAM0004163,NULL
ALAM0004164,NULL
ALAM0004165,NULL
ALAM0004166,NULL
ALAM0004167,NULL
ALAM0004168,NULL
ALAM0004169,NULL
ALAM0004170,NULL
ALAM0004171,NULL
ALAM0004172,NULL
ALAM0004173,NULL
ALAM0004174,NULL
ALAM0004236,946 462900100
ALAM0004237,946 462900100
ALAM0004272,NULL
ALAM0004273,79-19-40
ALAM0004274,79A-570-23
ALAM0004276,483-101-135
CONT0003756,NULL
CONT0003757,NULL
CONT0003758,NULL
CONT0003759,NULL
CONT0003760,NULL
CONT0003761,NULL
CONT0003762,NULL
CONT0003763,NULL
CONT0003764,NULL
CONT0003765,NULL
CONT0003766,NULL
CONT0003767,NULL
CONT0003768,NULL
CONT0003769,NULL
CONT0003770,NULL
CONT0003771,NULL
CONT0003772,NULL
CONT0003773,NULL
CONT0003774,NULL
CONT0003775,NULL
CONT0003776,NULL
CONT0003777,NULL
CONT0003778,NULL
CONT0003779,NULL
CONT0003780,NULL
CONT0003781,NULL
CONT0003782,NULL
CONT0003783,NULL
CONT0003784,NULL
CONT0003785,NULL
CONT0003786,NULL
CONT0003787,NULL
CONT0003788,NULL
CONT0003789,NULL
CONT0003790,NULL
CONT0003791,NULL
CONT0003792,NULL
CONT0003793,NULL
CONT0003794,NULL
CONT0003795,NULL
CONT0003796,NULL
CONT0003797,NULL
CONT0003798,NULL
CONT0003799,NULL
CONT0003800,NULL
CONT0003801,NULL
CONT0003802,NULL
CONT0003803,NULL
CONT0003804,NULL
CONT0003805,NULL
CONT0003806,NULL
CONT0003807,NULL
CONT0003808,NULL
CONT0003809,NULL
CONT0003810,NULL
CONT0003811,NULL
CONT0003812,NULL
CONT0003813,NULL
CONT0003814,NULL
CONT0003815,NULL
CONT0003816,NULL
CONT0003817,NULL
CONT0003818,NULL
CONT0003819,NULL
CONT0003820,NULL
CONT0003821,NULL
CONT0003822,NULL
CONT0003823,NULL
CONT0003824,NULL
CONT0003825,NULL
CONT0003826,NULL
CONT0003827,NULL
CONT0003828,NULL
CONT0003829,NULL
CONT0003830,NULL
CONT0003831,NULL
CONT0003832,NULL
CONT0003833,NULL
CONT0003834,NULL
CONT0003835,NULL
CONT0003836,NULL
CONT0003837,NULL
CONT0003838,NULL
CONT0003839,NULL
CONT0003840,NULL
CONT0003841,NULL
CONT0003842,NULL
CONT0003843,NULL
CONT0003844,NULL
CONT0003845,NULL
CONT0003846,NULL
CONT0003847,NULL
CONT0003848,NULL
CONT0003849,NULL
CONT0003850,NULL
CONT0003851,NULL
CONT0003852,NULL
CONT0003853,NULL
CONT0003854,NULL
CONT0003855,NULL
CONT0003856,NULL
CONT0003857,NULL
CONT0003858,NULL
CONT0003859,NULL
CONT0003860,NULL
CONT0003861,NULL
CONT0003862,NULL
CONT0003863,NULL
CONT0003864,NULL
CONT0003865,NULL
CONT0003866,NULL
CONT0003867,NULL
CONT0003868,NULL
CONT0003869,NULL
CONT0003870,NULL
CONT0003871,NULL
CONT0003872,NULL
CONT0003873,NULL
CONT0003874,NULL
CONT0003875,NULL
CONT0003876,NULL
CONT0003877,NULL
CONT0003878,NULL
CONT0003879,NULL
CONT0003880,NULL
CONT0003881,NULL
CONT0003882,NULL
CONT0003883,NULL
CONT0003884,NULL
CONT0003885,NULL
CONT0003886,NULL
CONT0003887,NULL
CONT0003888,NULL
CONT0003889,NULL
CONT0003890,NULL
CONT0003891,NULL
CONT0003892,NULL
CONT0003893,NULL
CONT0003894,NULL
CONT0003895,NULL
CONT0003896,NULL
CONT0003897,NULL
CONT0003898,NULL
CONT0003899,NULL
CONT0003900,NULL
CONT0003901,NULL
CONT0003902,NULL
CONT0003903,NULL
CONT0003904,NULL
CONT0003905,NULL
CONT0003906,NULL
CONT0003907,NULL
CONT0003908,NULL
CONT0003909,NULL
CONT0003910,NULL
CONT0003911,NULL
CONT0003912,NULL
CONT0003913,NULL
CONT0003914,NULL
CONT0003915,NULL
CONT0003916,NULL
CONT0003917,NULL
CONT0003918,NULL
CONT0003919,NULL
CONT0003920,NULL
CONT0003921,NULL
CONT0003922,NULL
CONT0003923,NULL
CONT0003924,NULL
CONT0003925,NULL
CONT0003926,NULL
CONT0003927,NULL
CONT0003928,NULL
CONT0003929,NULL
CONT0003930,NULL
CONT0003931,NULL
CONT0003932,NULL
CONT0003933,NULL
CONT0003934,NULL
CONT0003935,NULL
CONT0003936,NULL
CONT0003937,NULL
CONT0003938,NULL
CONT0003939,NULL
CONT0003940,NULL
CONT0003941,NULL
CONT0003942,NULL
CONT0003943,NULL
CONT0003944,NULL
CONT0003945,NULL
CONT0003946,NULL
CONT0003947,NULL
CONT0003948,NULL
CONT0003949,NULL
CONT0003950,NULL
CONT0003951,NULL
CONT0003952,NULL
CONT0003953,NULL
CONT0003954,NULL
CONT0003955,NULL
CONT0003956,NULL
CONT0003957,NULL
CONT0003958,NULL
CONT0003959,NULL
CONT0003960,NULL
CONT0003961,NULL
CONT0003962,NULL
CONT0003963,NULL
CONT0003964,NULL
CONT0003965,NULL
CONT0003966,NULL
CONT0003967,NULL
CONT0003968,NULL
CONT0003969,NULL
CONT0003970,NULL
CONT0003971,NULL
CONT0003972,NULL
CONT0003973,NULL
CONT0003974,NULL
CONT0003975,NULL
CONT0003976,NULL
CONT0003977,NULL
CONT0003978,NULL
CONT0003979,NULL
CONT0003980,NULL
CONT0003981,NULL
CONT0003982,NULL
CONT0003983,NULL
CONT0003984,NULL
CONT0003985,NULL
CONT0003986,NULL
CONT0003987,NULL
CONT0003988,NULL
CONT0003989,NULL
CONT0003990,NULL
CONT0003991,NULL
CONT0003992,NULL
CONT0003993,NULL
CONT0003994,NULL
CONT0003995,NULL
CONT0003996,NULL
CONT0003997,NULL
CONT0003998,NULL
CONT0003999,NULL
CONT0004000,NULL
CONT0004001,NULL
CONT0004002,NULL
CONT0004003,NULL
CONT0004004,NULL
CONT0004005,NULL
CONT0004006,NULL
CONT0004007,NULL
CONT0004008,NULL
CONT0004009,NULL
CONT0004010,NULL
CONT0004011,NULL
CONT0004012,NULL
CONT0004013,NULL
CONT0004014,NULL
CONT0004015,NULL
CONT0004016,NULL
CONT0004017,NULL
CONT0004018,NULL
CONT0004019,NULL
CONT0004020,NULL
CONT0004021,NULL
CONT0004022,NULL
CONT0004023,NULL
CONT0004024,NULL
CONT0004025,NULL
CONT0004026,NULL
CONT0004027,NULL
CONT0004028,NULL
CONT0004029,NULL
CONT0004030,NULL
CONT0004031,NULL
CONT0004032,NULL
CONT0004033,NULL
CONT0004034,NULL
CONT0004035,NULL
CONT0004036,NULL
CONT0004037,NULL
CONT0004038,NULL
CONT0004039,NULL
CONT0004040,NULL
CONT0004041,NULL
CONT0004042,NULL
CONT0004043,NULL
CONT0004044,NULL
CONT0004045,NULL
CONT0004046,NULL
CONT0004047,NULL
CONT0004048,NULL
CONT0004049,NULL
CONT0004050,NULL
CONT0004051,NULL
CONT0004052,NULL
CONT0004053,NULL
CONT0004054,NULL
CONT0004055,NULL
CONT0004056,NULL
CONT0004057,NULL
CONT0004058,NULL
CONT0004059,NULL
CONT0004060,NULL
CONT0004061,NULL
CONT0004062,NULL
CONT0004063,NULL
CONT0004064,NULL
CONT0004065,NULL
CONT0004066,NULL
CONT0004067,NULL
CONT0004068,NULL
CONT0004069,NULL
CONT0004070,NULL
CONT0004071,NULL
CONT0004072,NULL
CONT0004073,NULL
CONT0004074,NULL
CONT0004075,NULL
CONT0004076,NULL
CONT0004077,NULL
CONT0004078,NULL
CONT0004079,NULL
CONT0004080,NULL
CONT0004081,NULL
CONT0004082,NULL
CONT0004083,NULL
CONT0004084,NULL
CONT0004085,NULL
CONT0004086,NULL
CONT0004087,NULL
CONT0004088,NULL
CONT0004089,NULL
CONT0004090,NULL
CONT0004091,NULL
CONT0004092,NULL
CONT0004093,NULL
CONT0004094,NULL
CONT0004095,NULL
CONT0004096,NULL
CONT0004097,NULL
CONT0004098,NULL
CONT0004099,NULL
CONT0004100,NULL
CONT0004101,NULL
CONT0004102,NULL
CONT0004103,NULL
CONT0004104,NULL
CONT0004105,NULL
CONT0004106,NULL
CONT0004107,NULL
CONT0004108,NULL
CONT0004109,NULL
CONT0004110,NULL
CONT0004111,NULL
CONT0004112,NULL
CONT0004113,NULL
CONT0004114,NULL
CONT0004115,NULL
CONT0004116,NULL
CONT0004117,NULL
CONT0004118,NULL
CONT0004119,NULL
CONT0004120,NULL
CONT0004121,NULL
CONT0004122,NULL
CONT0004123,NULL
CONT0004124,NULL
CONT0004125,NULL
CONT0004126,NULL
CONT0004127,NULL
CONT0004128,NULL
CONT0004129,NULL
CONT0004130,NULL
CONT0004131,NULL
CONT0004132,NULL
CONT0004133,NULL
CONT0004134,NULL
CONT0004135,NULL
CONT0004136,NULL
CONT0004137,NULL
CONT0004138,NULL
CONT0004139,NULL
CONT0004140,NULL
CONT0004141,NULL
CONT0004142,NULL
CONT0004143,NULL
CONT0004144,NULL
CONT0004145,NULL
CONT0004146,NULL
CONT0004147,NULL
CONT0004148,NULL
CONT0004149,NULL
CONT0004150,NULL
CONT0004151,NULL
CONT0004152,NULL
CONT0004153,NULL
CONT0004154,NULL
CONT0004155,NULL
CONT0004156,NULL
CONT0004157,NULL
CONT0004158,NULL
CONT0004159,NULL
CONT0004160,NULL
CONT0004161,NULL
CONT0004162,NULL
CONT0004163,NULL
CONT0004164,NULL
CONT0004165,NULL
CONT0004166,NULL
CONT0004167,NULL
CONT0004168,NULL
CONT0004169,NULL
CONT0004170,NULL
CONT0004171,NULL
CONT0004172,NULL
CONT0004173,NULL
CONT0004174,NULL
CONT0004175,NULL
CONT0004176,NULL
CONT0004177,NULL
CONT0004178,NULL
CONT0004179,NULL
CONT0004180,NULL
CONT0004181,NULL
CONT0004182,NULL
CONT0004183,NULL
CONT0004184,NULL
CONT0004185,NULL
CONT0004186,NULL
CONT0004187,NULL
CONT0004188,NULL
CONT0004189,NULL
CONT0004190,NULL
CONT0004191,NULL
CONT0004192,NULL
CONT0004193,NULL
CONT0004194,NULL
CONT0004195,NULL
CONT0004196,NULL
CONT0004197,NULL
CONT0004198,NULL
CONT0004199,NULL
CONT0004200,NULL
CONT0004201,NULL
CONT0004202,NULL
CONT0004203,NULL
CONT0004204,NULL
CONT0004205,NULL
CONT0004206,NULL
CONT0004207,NULL
CONT0004208,NULL
CONT0004209,NULL
CONT0004210,NULL
CONT0004211,NULL
CONT0004212,NULL
CONT0004213,NULL
CONT0004214,NULL
CONT0004215,NULL
CONT0004216,NULL
CONT0004217,NULL
CONT0004218,NULL
CONT0004219,NULL
CONT0004220,NULL
CONT0004221,NULL
CONT0004222,NULL
CONT0004223,NULL
CONT0004224,NULL
CONT0004225,NULL
CONT0004226,NULL
CONT0004227,NULL
CONT0004228,NULL
CONT0004229,NULL
CONT0004230,NULL
CONT0004231,NULL
CONT0004232,NULL
CONT0004233,NULL
CONT0004234,NULL
CONT0004235,NULL
CONT0004236,NULL
CONT0004237,NULL
CONT0004238,NULL
CONT0004239,NULL
CONT0004240,NULL
CONT0004241,NULL
CONT0004242,NULL
CONT0004243,NULL
CONT0004244,NULL
CONT0004245,NULL
CONT0004246,NULL
CONT0004247,NULL
CONT0004248,NULL
CONT0004249,NULL
CONT0004250,NULL
CONT0004251,NULL
CONT0004252,NULL
CONT0004253,NULL
CONT0004254,NULL
CONT0004255,NULL
CONT0004256,NULL
CONT0004257,NULL
CONT0004258,NULL
CONT0004259,NULL
CONT0004260,NULL
CONT0004261,NULL
CONT0004262,NULL
CONT0004263,NULL
CONT0004264,NULL
CONT0004265,NULL
CONT0004266,NULL
CONT0004486,NULL
CONT0004487,NULL
CONT0004488,NULL
CONT0004489,NULL
CONT0004490,NULL
CONT0004491,NULL
CONT0004492,NULL
CONT0004493,NULL
CONT0004494,NULL
CONT0004495,NULL
CONT0004496,NULL
CONT0004497,NULL
CONT0004498,NULL
CONT0004499,NULL
CONT0004500,NULL
CONT0004501,NULL
CONT0004502,NULL
CONT0004503,NULL
CONT0004504,NULL
CONT0004505,NULL
CONT0004506,NULL
CONT0004507,NULL
CONT0004508,NULL
CONT0004509,NULL
CONT0004510,NULL
CONT0004511,NULL
CONT0004512,NULL
CONT0004513,NULL
CONT0004514,NULL
CONT0004515,NULL
CONT0004516,NULL
CONT0004517,NULL
CONT0004518,NULL
CONT0004519,NULL
CONT0004520,NULL
CONT0004521,NULL
CONT0004522,NULL
CONT0004523,NULL
CONT0004525,NULL
CONT0004526,NULL
CONT0004544,NULL
CONT0004571,037-570-002
CONT0004572,037-570-003
CONT0004573,037-570-004
CONT0004574,037-570-021
CONT0004575,037-570-022
CONT0004576,037-570-023
CONT0004599,035-151-009
CONT0004604,037-560-091
CONT0004605,037-580-062
CONT0004606,037-560-093
CONT0004607,037-560-094
CONT0004608,037-560-095
CONT0004609,037-560-092
CONT0004610,037-560-096
CONT0004611,037-580-064
CONT0004612,037-580-065
CONT0004613,037-580-063
CONT0004654,037-580-066
CONT0004655,037-580-067
CONT0004656,037-580-068
CONT0004657,037-580-069
CONT0004658,037-580-070
CONT0004659,037-580-086
CONT0004660,037-580-087
CONT0004661,037-580-088
CONT0004662,037-580-089
CONT0004663,037-580-090
CONT0004664,037-570-005
CONT0004665,037-570-007
CONT0004666,037-570-008
CONT0004667,037-570-019
CONT0004668,037-570-020
CONT0004669,037-570-006
CONT0004678,037-580-071
CONT0004679,037-580-072
CONT0004680,037-580-073
CONT0004681,037-580-074
CONT0004682,037-580-075
CONT0004683,037-580-081
CONT0004684,037-580-082
CONT0004685,037-580-083
CONT0004686,037-580-084
CONT0004687,037-580-085
CONT0004703,037-570-009
CONT0004704,037-570-010
CONT0004705,037-570-016
CONT0004706,037-570-017
CONT0004707,037-570-018
CONT0004724,037-580-041
CONT0004725,037-580-042
CONT0004726,037-580-043
CONT0004727,037-580-044
CONT0004728,037-580-045
CONT0004729,037-580-076
CONT0004730,037-580-077
CONT0004731,037-580-078
CONT0004732,037-580-079
CONT0004733,037-580-080
CONT0004734,037-570-011
CONT0004735,037-570-012
CONT0004736,037-570-013
CONT0004737,037-570-014
CONT0004738,037-570-015
CONT0004763,037-570-038
CONT0004764,037-570-039
CONT0004765,037-570-040
CONT0004766,037-570-041
CONT0004767,037-570-042
CONT0004768,037-580-036
CONT0004769,037-580-037
CONT0004770,037-580-038
CONT0004771,037-580-039
CONT0004772,037-580-040
CONT0004773,037-580-046
CONT0004774,037-580-047
CONT0004775,037-580-048
CONT0004776,037-580-049
CONT0004777,037-580-050
CONT0004778,037-580-031
CONT0004779,037-580-032
CONT0004780,037-580-033
CONT0004781,037-580-034
CONT0004782,037-580-035
CONT0004783,037-580-051
CONT0004784,037-580-052
CONT0004785,037-580-053
CONT0004786,037-580-054
CONT0004787,037-580-055
CONT0004788,037-580-027
CONT0004789,037-580-028
CONT0004790,037-580-029
CONT0004791,037-580-030
CONT0004792,037-580-056
CONT0004793,037-580-057
CONT0004794,037-580-058
CONT0004795,037-580-059
CONT0004796,037-580-060
CONT0004797,037-580-061
CONT0004801,037-720-024
CONT0004802,037-720-025
CONT0004803,037-720-026
CONT0004804,037-720-027
CONT0004848,NULL
CONT0004850,273081015
CONT0004881,270330005
CONT0004884,270320017
CONT0004898,NULL
CONT0004899,NULL
CONT0004900,NULL
CONT0004901,NULL
CONT0004902,NULL
CONT0004903,NULL
CONT0004904,NULL
CONT0004905,NULL
CONT0004906,NULL
CONT0004907,NULL
CONT0004908,NULL
CONT0004909,NULL
CONT0004910,NULL
CONT0004911,NULL
CONT0004912,NULL
CONT0004913,NULL
CONT0004914,NULL
CONT0004915,NULL
CONT0004916,NULL
CONT0004917,NULL
CONT0004918,NULL
CONT0004919,NULL
CONT0004920,NULL
CONT0004921,NULL
CONT0004922,NULL
CONT0004923,NULL
CONT0004924,NULL
CONT0004925,NULL
CONT0004926,NULL
CONT0004927,NULL
CONT0004928,NULL
CONT0004929,NULL
CONT0004930,NULL
CONT0004931,NULL
CONT0004932,NULL
CONT0004933,NULL
CONT0004934,NULL
CONT0004935,NULL
CONT0004936,NULL
CONT0004937,NULL
CONT0004938,NULL
CONT0004939,NULL
CONT0004940,NULL
CONT0004941,NULL
CONT0004942,NULL
CONT0004943,NULL
CONT0004944,NULL
CONT0004945,NULL
CONT0004946,NULL
CONT0004947,NULL
CONT0004948,NULL
CONT0004949,NULL
CONT0004950,NULL
CONT0004951,NULL
CONT0004952,NULL
CONT0004953,NULL
CONT0004954,NULL
CONT0004955,NULL
CONT0004956,NULL
CONT0004957,NULL
CONT0004958,NULL
CONT0004959,NULL
CONT0004960,NULL
CONT0004961,NULL
CONT0004962,NULL
CONT0004963,NULL
CONT0004964,NULL
CONT0004965,NULL
CONT0004966,NULL
CONT0004967,NULL
CONT0004968,NULL
CONT0004969,NULL
CONT0004970,NULL
CONT0004971,NULL
CONT0004972,NULL
CONT0004973,NULL
CONT0004974,NULL
CONT0004975,NULL
CONT0004976,NULL
CONT0004977,NULL
CONT0004978,NULL
CONT0004979,NULL
CONT0004980,NULL
CONT0004981,NULL
CONT0004982,NULL
CONT0004983,NULL
CONT0004984,NULL
CONT0004985,NULL
CONT0004986,NULL
CONT0004987,NULL
CONT0004988,NULL
CONT0004989,NULL
CONT0004990,NULL
CONT0004991,NULL
CONT0004992,NULL
CONT0004993,NULL
CONT0004994,NULL
CONT0004995,NULL
CONT0004996,NULL
CONT0004997,NULL
CONT0004998,NULL
CONT0004999,NULL
CONT0005000,NULL
CONT0005001,NULL
CONT0005002,NULL
CONT0005003,NULL
CONT0005004,NULL
CONT0005005,NULL
CONT0005006,NULL
CONT0005007,NULL
CONT0005008,NULL
CONT0005009,NULL
CONT0005010,NULL
CONT0005011,NULL
CONT0005012,NULL
CONT0005013,NULL
CONT0005014,NULL
CONT0005015,NULL
CONT0005016,NULL
CONT0005017,NULL
CONT0005018,NULL
CONT0005019,NULL
CONT0005020,NULL
CONT0005021,NULL
CONT0005022,NULL
CONT0005023,NULL
CONT0005024,NULL
CONT0005025,NULL
CONT0005026,NULL
CONT0005027,NULL
CONT0005028,NULL
CONT0005029,NULL
CONT0005030,NULL
CONT0005031,NULL
CONT0005032,NULL
CONT0005033,NULL
CONT0005034,NULL
CONT0005035,NULL
CONT0005036,NULL
CONT0005037,NULL
CONT0005038,NULL
CONT0005039,NULL
CONT0005040,NULL
CONT0005041,NULL
CONT0005042,NULL
CONT0005043,NULL
CONT0005044,NULL
CONT0005045,NULL
CONT0005046,NULL
CONT0005047,NULL
CONT0005048,NULL
CONT0005049,NULL
CONT0005050,NULL
CONT0005051,NULL
CONT0005052,NULL
CONT0005053,NULL
CONT0005054,NULL
CONT0005055,NULL
CONT0005056,NULL
CONT0005057,NULL
CONT0005058,NULL
CONT0005059,NULL
CONT0005060,NULL
CONT0005061,NULL
CONT0005062,NULL
CONT0005063,NULL
CONT0005064,NULL
CONT0005065,NULL
CONT0005066,NULL
CONT0005067,NULL
CONT0005068,NULL
CONT0005069,NULL
CONT0005070,NULL
CONT0005071,NULL
CONT0005072,NULL
CONT0005073,NULL
CONT0005074,NULL
CONT0005075,NULL
CONT0005076,NULL
CONT0005077,NULL
CONT0005078,NULL
CONT0005079,NULL
CONT0005080,NULL
CONT0005081,NULL
CONT0005082,NULL
CONT0005083,NULL
CONT0005084,NULL
CONT0005085,NULL
CONT0005086,NULL
CONT0005087,NULL
CONT0005088,NULL
CONT0005089,NULL
CONT0005090,NULL
CONT0005091,NULL
CONT0005092,NULL
CONT0005093,NULL
CONT0005094,NULL
CONT0005095,NULL
CONT0005096,NULL
CONT0005097,NULL
CONT0005098,NULL
CONT0005125,410-024-005
CONT0005211,222670007
CONT0005214,222670007
CONT0005216,222670007
CONT0005219,222670007
CONT0005220,222670007
CONT0005223,222670007
CONT0005225,222670007
CONT0005226,222670007
CONT0005227,222670007
CONT0005305,222270050
CONT0005306,222270050
CONT0005307,222270050
CONT0005308,222270050
CONT0005309,222270050
CONT0005310,222270050
CONT0005311,222270050
CONT0005314,222670007
CONT0005315,222670007
CONT0005316,222670007
CONT0005317,222670007
CONT0005318,222670007
CONT0005319,222670007
CONT0005320,222670007
CONT0005321,222670007
CONT0005322,222670007
CONT0005323,222670007
CONT0005324,222670007
CONT0005326,222670007
CONT0005327,222670007
CONT0005328,222670007
CONT0005329,222670007
CONT0005330,222670007
CONT0005332,222670007
CONT0005333,222670007
CONT0005334,222670007
CONT0005335,222670007
CONT0005336,222670007
CONT0005337,222670007
CONT0005338,222670007
CONT0005339,222670007
CONT0005340,222670007
CONT0005341,222670007
CONT0005342,222670007
CONT0005343,222670007
CONT0005344,222670007
CONT0005345,222670007
CONT0005346,222670007
CONT0005347,222670007
CONT0005361,222670007
CONT0005362,222670007
CONT0005363,222670007
CONT0005364,222670007
CONT0005365,222670007
CONT0005367,222670007
CONT0005368,222670007
CONT0005369,222670007
CONT0005370,222670007
CONT0005371,222670007
CONT0005373,222670007
CONT0005374,222670007
CONT0005375,222670007
CONT0005376,222670007
CONT0005377,222670007
CONT0005378,222670007
CONT0005379,222670007
CONT0005380,222670007
CONT0005381,222670007
CONT0005384,222670007
CONT0005385,222670007
CONT0005387,222670007
CONT0005388,222670007
CONT0005389,222670007
CONT0005439,NULL
CONT0005440,NULL
CONT0005441,NULL
CONT0005442,NULL
CONT0005443,NULL
CONT0005444,NULL
CONT0005445,NULL
CONT0005446,NULL
CONT0005447,NULL
CONT0005448,NULL
CONT0005449,NULL
CONT0005450,NULL
CONT0005451,NULL
CONT0005452,NULL
CONT0005453,NULL
CONT0005454,NULL
CONT0005455,NULL
CONT0005456,NULL
CONT0005457,NULL
CONT0005458,NULL
CONT0005459,NULL
CONT0005460,NULL
CONT0005461,NULL
CONT0005462,NULL
CONT0005463,NULL
CONT0005464,NULL
CONT0005465,NULL
CONT0005466,NULL
CONT0005467,NULL
CONT0005468,NULL
CONT0005469,NULL
CONT0005470,NULL
CONT0005471,NULL
CONT0005472,NULL
CONT0005473,NULL
CONT0005474,NULL
CONT0005475,NULL
CONT0005476,NULL
CONT0005477,NULL
CONT0005478,NULL
CONT0005479,NULL
CONT0005480,NULL
CONT0005481,NULL
CONT0005482,NULL
CONT0005483,NULL
CONT0005484,NULL
CONT0005485,NULL
CONT0005486,NULL
CONT0005487,NULL
CONT0005488,NULL
CONT0005489,NULL
CONT0005490,NULL
CONT0005491,NULL
CONT0005492,NULL
CONT0005493,NULL
CONT0005494,NULL
CONT0005495,NULL
CONT0005496,NULL
CONT0005497,NULL
CONT0005498,NULL
CONT0005499,NULL
CONT0005500,NULL
CONT0005501,NULL
CONT0005502,NULL
CONT0005503,NULL
CONT0005504,NULL
CONT0005505,NULL
CONT0005506,NULL
CONT0005507,NULL
CONT0005508,NULL
CONT0005509,NULL
CONT0005510,NULL
CONT0005511,NULL
CONT0005512,NULL
CONT0005513,NULL
CONT0005514,NULL
CONT0005515,NULL
CONT0005516,NULL
CONT0005517,NULL
CONT0005518,NULL
CONT0005519,NULL
CONT0005520,NULL
CONT0005521,NULL
CONT0005522,NULL
CONT0005523,NULL
CONT0005524,NULL
CONT0005525,NULL
CONT0005526,NULL
CONT0005527,NULL
CONT0005528,NULL
CONT0005529,NULL
CONT0005530,NULL
CONT0005531,NULL
CONT0005532,NULL
CONT0005533,NULL
CONT0005534,NULL
CONT0005535,NULL
CONT0005536,NULL
CONT0005537,NULL
CONT0005538,NULL
CONT0005539,NULL
CONT0005540,NULL
CONT0005541,NULL
CONT0005542,NULL
CONT0005543,NULL
CONT0005544,NULL
CONT0005548,215-050-021
CONT0005558,NULL
CONT0005559,NULL
CONT0005560,NULL
CONT0005561,NULL
CONT0005562,NULL
CONT0005563,NULL
CONT0005564,NULL
CONT0005565,NULL
CONT0005566,NULL
CONT0005567,NULL
CONT0005568,NULL
CONT0005569,NULL
CONT0005570,NULL
CONT0005571,NULL
CONT0005572,NULL
CONT0005573,NULL
CONT0005574,NULL
CONT0005575,NULL
CONT0005576,NULL
CONT0005577,NULL
CONT0005578,NULL
CONT0005579,NULL
CONT0005580,NULL
CONT0005581,NULL
CONT0005582,NULL
CONT0005583,NULL
CONT0005584,NULL
CONT0005585,NULL
CONT0005586,NULL
CONT0005587,NULL
CONT0005588,NULL
CONT0005589,NULL
CONT0005590,NULL
CONT0005591,NULL
CONT0005592,NULL
CONT0005593,NULL
CONT0005594,NULL
CONT0005595,NULL
CONT0005596,NULL
CONT0005597,NULL
CONT0005598,NULL
CONT0005599,NULL
CONT0005600,NULL
CONT0005601,NULL
CONT0005602,NULL
CONT0005603,NULL
CONT0005604,NULL
CONT0005605,NULL
CONT0005606,NULL
CONT0005607,NULL
CONT0005608,NULL
CONT0005609,NULL
CONT0005610,NULL
CONT0005611,NULL
CONT0005612,NULL
CONT0005613,NULL
CONT0005614,NULL
CONT0005615,NULL
CONT0005616,NULL
CONT0005617,NULL
CONT0005618,NULL
CONT0005619,NULL
CONT0005620,NULL
CONT0005621,NULL
CONT0005622,NULL
MARN0000493,NULL
MARN0000494,NULL
MARN0000495,NULL
MARN0000496,NULL
MARN0000497,NULL
MARN0000498,NULL
MARN0000499,NULL
MARN0000500,NULL
MARN0000501,NULL
MARN0000502,NULL
MARN0000508,NULL
MARN0000509,NULL
MARN0000510,NULL
MARN0000529,NULL
MARN0000530,NULL
MARN0000531,NULL
MARN0000532,NULL
MARN0000533,NULL
MARN0000534,NULL
MARN0000563,980-020-54
MARN0000564,980-020-06
MARN0000565,980-020-22
MARN0000573,NULL
NAPA0000319,11-351-040
NAPA0000320,11-351-041
NAPA0000321,11-192-014
NAPA0000322,11-351-042
NAPA0000323,NULL
NAPA0000324,NULL
NAPA0000325,NULL
NAPA0000326,NULL
NAPA0000327,NULL
NAPA0000328,NULL
NAPA0000329,NULL
NAPA0000330,NULL
NAPA0000331,NULL
NAPA0000332,NULL
NAPA0000333,NULL
NAPA0000334,NULL
NAPA0000335,NULL
NAPA0000336,NULL
NAPA0000337,NULL
NAPA0000338,NULL
NAPA0000339,NULL
NAPA0000340,NULL
NAPA0000341,NULL
NAPA0000342,NULL
NAPA0000343,NULL
NAPA0000344,NULL
NAPA0000345,NULL
NAPA0000346,NULL
NAPA0000347,NULL
NAPA0000348,NULL
NAPA0000349,NULL
NAPA0000350,NULL
NAPA0000351,NULL
NAPA0000352,NULL
NAPA0000353,NULL
NAPA0000354,NULL
NAPA0000355,NULL
NAPA0000356,NULL
NAPA0000357,NULL
NAPA0000358,NULL
NAPA0000359,NULL
NAPA0000360,NULL
NAPA0000361,NULL
NAPA0000362,NULL
NAPA0000363,NULL
NAPA0000364,NULL
NAPA0000365,NULL
NAPA0000366,NULL
NAPA0000367,NULL
NAPA0000368,NULL
NAPA0000369,NULL
NAPA0000370,NULL
NAPA0000371,NULL
NAPA0000372,NULL
NAPA0000373,NULL
NAPA0000374,NULL
NAPA0000375,NULL
NAPA0000376,NULL
NAPA0000377,NULL
NAPA0000378,NULL
NAPA0000379,NULL
NAPA0000380,NULL
NAPA0000381,NULL
NAPA0000382,NULL
NAPA0000383,NULL
NAPA0000384,NULL
NAPA0000385,NULL
NAPA0000386,NULL
NAPA0000387,NULL
NAPA0000388,NULL
NAPA0000389,NULL
NAPA0000390,NULL
NAPA0000391,NULL
NAPA0000392,NULL
NAPA0000393,NULL
NAPA0000394,NULL
NAPA0000395,NULL
NAPA0000396,NULL
NAPA0000397,NULL
NAPA0000398,NULL
NAPA0000399,NULL
NAPA0000400,NULL
NAPA0000401,NULL
NAPA0000402,NULL
NAPA0000403,NULL
NAPA0000404,NULL
NAPA0000405,NULL
NAPA0000406,NULL
NAPA0000407,NULL
NAPA0000408,NULL
NAPA0000409,NULL
NAPA0000410,NULL
NAPA0000411,NULL
NAPA0000412,NULL
NAPA0000413,NULL
NAPA0000414,NULL
NAPA0000415,NULL
NAPA0000416,NULL
NAPA0000417,NULL
NAPA0000418,NULL
NAPA0000419,B12-00677
NAPA0000420,B12-00682
NAPA0000421,B13-00673
NAPA0000422,B13-01108
NAPA0000423,B13-01308
NAPA0000424,B13-01338
NAPA0000425,B13-01547
NAPA0000426,B13-01595
NAPA0000427,B13-02093
NAPA0000428,B13-02131
NAPA0000429,B13-02134
NAPA0000430,B14-00790
NAPA0000431,B14-01022
NAPA0000432,B14-01293
NAPA0000433,B14-01805
NAPA0000434,B15-00043
NAPA0000435,B15-00234
NAPA0000436,B15-00451
NAPA0000437,B15-00474
NAPA0000438,B15-00571
NAPA0000439,B15-00650
NAPA0000440,B15-00978
NAPA0000441,B15-01570
NAPA0000442,B15-01667
NAPA0000443,009580012
NAPA0000444,009322003
NAPA0000445,009470004
NAPA0000446,009350047
NAPA0000447,UNASSIGNED
NAPA0000448,NULL
SANF0000523,3789026
SANF0000524,0323024
SANM0000612,44054330
SANM0000613,44071170
SANM0000614,44014150
SANM0000615,44072130
SANM0000616,44054340
SANM0000624,25121031
SANM0000625,29112050
SANM0000626,27154030
SANM0000627,26085060
SANM0000638,063231190
SANM0000667,NULL
SANM0000673,056���072���360
SANM0000674,056���143���330
SANM0000675,056���053���280
SANM0000676,056���057���270
SANM0000677,056���053���400
SANM0000678,064���231���270
SANM0000679,048���211���060
SANM0000680,056���104���150
SANM0000681,048���121���090
SANM0000682,056���145���110
SANM0000683,066���600���090
SANM0000684,048���364���010
SANM0000685,066���600���080
SANM0000686,056���066���120
SANM0000687,066���600���110
SANM0000688,066���600���100
SANM0000689,064���321���120
SANM0000690,066���600���320
SANM0000706,NULL
SANM0000707,NULL
SANM0000708,NULL
SANM0000709,NULL
SANM0000710,NULL
SANM0000711,NULL
SANM0000712,NULL
SANM0000713,NULL
SANM0000714,NULL
SANM0000715,NULL
SANM0000716,NULL
SANM0000717,NULL
SANM0000718,016-101-350
SANM0000723,016-345-220
SANM0000724,016-345-230
SANM0000730,077-282-010
SANM0000764,020-364-320  020-364-120  020-364-130  020-364-140
SANM0000765,NULL
SANM0000766,NULL
SANM0000767,NULL
SANM0000768,NULL
SANM0000774,051-228-520
SANM0000776,050-104-190
SANM0000777,049-500-040
SANM0000812,058272330
SANM0000850,NULL
SANM0000851,NULL
SANM0000852,NULL
SANM0000853,NULL
SANM0000854,NULL
SANM0000855,NULL
SANM0000856,NULL
SANM0000857,NULL
SANM0000858,NULL
SANM0000859,NULL
SANM0000860,NULL
SANM0000861,NULL
SANM0000862,NULL
SANM0000864,72221030
SANM0000865,731124000
SANM0000867,72021040
SANM0000970,NULL
SANM0001012,NULL
SANM0001024,40030350
SANM0001025,32151070
SANM0001026,40030350
SANM0001027,40030350
SANT0003471,NULL
SANT0003472,305-34-055��
SANT0003473,412-05-078��
SANT0003474,404-06-061��
SANT0003475,403-15-021��
SANT0003476,NULL
SANT0003477,406-03-042��
SANT0003478,406-15-030��
SANT0003479,NULL
SANT0003480,403-18-056��
SANT0003481,NULL
SANT0003482,403-19-103��
SANT0003483,403-19-103��
SANT0003484,NULL
SANT0003485,403-60-034��
SANT0003486,403-13-096��
SANT0003487,403-60-035��
SANT0003488,404-06-057��
SANT0003489,403-60-011��
SANT0003490,414-48-055��
SANT0003491,NULL
SANT0003492,NULL
SANT0003493,412-08-037��
SANT0003494,305-23-057��
SANT0003495,305-34-005��
SANT0003496,288-15-044��
SANT0003497,412-08-065��
SANT0003498,404-08-001��
SANT0003499,279-37-096��
SANT0003500,NULL
SANT0003501,412-50-063��
SANT0003502,NULL
SANT0003503,404-25-024��
SANT0003504,412-50-011��
SANT0003505,NULL
SANT0003506,404-26-013��
SANT0003507,404-26-050��
SANT0003508,404-26-050��
SANT0003509,279-22-055��
SANT0003510,404-06-039��
SANT0003545,NULL
SANT0003546,NULL
SANT0003547,NULL
SANT0003548,NULL
SANT0003549,NULL
SANT0003550,NULL
SANT0003551,NULL
SANT0003552,NULL
SANT0003553,NULL
SANT0003554,NULL
SANT0003555,NULL
SANT0003556,NULL
SANT0003557,NULL
SANT0003558,NULL
SANT0003559,NULL
SANT0003560,NULL
SANT0003561,NULL
SANT0003562,NULL
SANT0003563,NULL
SANT0003564,NULL
SANT0003565,NULL
SANT0003566,NULL
SANT0003567,NULL
SANT0003568,NULL
SANT0003569,NULL
SANT0003570,NULL
SANT0003571,NULL
SANT0003572,NULL
SANT0003573,NULL
SANT0003574,NULL
SANT0003575,NULL
SANT0003576,NULL
SANT0003577,NULL
SANT0003578,NULL
SANT0003579,NULL
SANT0003580,NULL
SANT0003581,NULL
SANT0003582,NULL
SANT0003583,NULL
SANT0003584,NULL
SANT0003585,NULL
SANT0003586,NULL
SANT0003587,NULL
SANT0003588,NULL
SANT0003589,NULL
SANT0003590,NULL
SANT0003591,NULL
SANT0003592,NULL
SANT0003593,NULL
SANT0003594,NULL
SANT0003595,NULL
SANT0003596,NULL
SANT0003597,NULL
SANT0003598,NULL
SANT0003599,NULL
SANT0003600,NULL
SANT0003601,NULL
SANT0003602,NULL
SANT0003603,NULL
SANT0003604,NULL
SANT0003605,NULL
SANT0003606,NULL
SANT0003607,NULL
SANT0003608,NULL
SANT0003609,NULL
SANT0003610,NULL
SANT0003611,NULL
SANT0003612,NULL
SANT0003613,NULL
SANT0003614,NULL
SANT0003615,NULL
SANT0003616,NULL
SANT0003617,NULL
SANT0003618,NULL
SANT0003619,NULL
SANT0003620,NULL
SANT0003621,NULL
SANT0003622,NULL
SANT0003623,NULL
SANT0003624,NULL
SANT0003625,NULL
SANT0003626,NULL
SANT0003627,NULL
SANT0003628,NULL
SANT0003629,NULL
SANT0003630,NULL
SANT0003631,NULL
SANT0003632,NULL
SANT0003633,NULL
SANT0003634,NULL
SANT0003635,NULL
SANT0003636,NULL
SANT0003637,NULL
SANT0003638,NULL
SANT0003639,NULL
SANT0003640,NULL
SANT0003641,NULL
SANT0003642,NULL
SANT0003643,NULL
SANT0003644,NULL
SANT0003645,NULL
SANT0003646,NULL
SANT0003647,NULL
SANT0003648,NULL
SANT0003649,NULL
SANT0003650,NULL
SANT0003651,NULL
SANT0003652,NULL
SANT0003653,NULL
SANT0003654,NULL
SANT0003655,NULL
SANT0003656,NULL
SANT0003657,NULL
SANT0003658,NULL
SANT0003659,NULL
SANT0003660,NULL
SANT0003661,NULL
SANT0003662,NULL
SANT0003663,NULL
SANT0003664,NULL
SANT0003665,NULL
SANT0003666,NULL
SANT0003667,NULL
SANT0003668,NULL
SANT0003669,NULL
SANT0003670,NULL
SANT0003671,NULL
SANT0003672,NULL
SANT0003673,NULL
SANT0003674,NULL
SANT0003675,NULL
SANT0003676,NULL
SANT0003677,NULL
SANT0003678,NULL
SANT0003679,NULL
SANT0003680,NULL
SANT0003681,NULL
SANT0003682,NULL
SANT0003683,NULL
SANT0003684,NULL
SANT0003685,NULL
SANT0003686,NULL
SANT0003687,NULL
SANT0003688,NULL
SANT0003689,NULL
SANT0003690,NULL
SANT0003691,NULL
SANT0003692,NULL
SANT0003693,NULL
SANT0003694,NULL
SANT0003695,NULL
SANT0003696,NULL
SANT0003697,NULL
SANT0003698,NULL
SANT0003699,NULL
SANT0003700,NULL
SANT0003701,NULL
SANT0003702,NULL
SANT0003703,NULL
SANT0003704,NULL
SANT0003705,NULL
SANT0003706,NULL
SANT0003707,NULL
SANT0003708,NULL
SANT0003709,NULL
SANT0003710,NULL
SANT0003711,NULL
SANT0003712,NULL
SANT0003713,NULL
SANT0003714,NULL
SANT0003715,NULL
SANT0003716,NULL
SANT0003717,NULL
SANT0003718,NULL
SANT0003719,NULL
SANT0003720,NULL
SANT0003721,NULL
SANT0003722,NULL
SANT0003723,NULL
SANT0003724,NULL
SANT0003725,NULL
SANT0003726,NULL
SANT0003727,NULL
SANT0003728,NULL
SANT0003729,NULL
SANT0003730,NULL
SANT0003731,NULL
SANT0003732,NULL
SANT0003733,NULL
SANT0003734,NULL
SANT0003735,NULL
SANT0003736,NULL
SANT0003737,NULL
SANT0003738,NULL
SANT0003739,NULL
SANT0003740,NULL
SANT0003741,NULL
SANT0003742,NULL
SANT0003743,NULL
SANT0003744,NULL
SANT0003745,NULL
SANT0003746,NULL
SANT0003747,NULL
SANT0003748,NULL
SANT0003749,NULL
SANT0003750,NULL
SANT0003751,NULL
SANT0003752,NULL
SANT0003753,NULL
SANT0003754,NULL
SANT0003755,NULL
SANT0003756,NULL
SANT0003757,NULL
SANT0003758,NULL
SANT0003759,NULL
SANT0003760,NULL
SANT0003761,NULL
SANT0003762,NULL
SANT0003763,NULL
SANT0003764,NULL
SANT0003765,NULL
SANT0003766,NULL
SANT0003767,NULL
SANT0003768,NULL
SANT0003769,NULL
SANT0003770,NULL
SANT0003771,NULL
SANT0003772,NULL
SANT0003773,NULL
SANT0003774,NULL
SANT0003775,NULL
SANT0003776,NULL
SANT0003777,NULL
SANT0003778,NULL
SANT0003779,NULL
SANT0003780,NULL
SANT0003781,NULL
SANT0003782,NULL
SANT0003783,NULL
SANT0003784,NULL
SANT0003785,NULL
SANT0003786,NULL
SANT0003787,NULL
SANT0003788,NULL
SANT0003789,NULL
SANT0003790,NULL
SANT0003791,NULL
SANT0003792,NULL
SANT0003793,NULL
SANT0003794,NULL
SANT0003795,NULL
SANT0003796,NULL
SANT0003797,NULL
SANT0003798,NULL
SANT0003799,NULL
SANT0003800,NULL
SANT0003801,NULL
SANT0003802,NULL
SANT0003803,NULL
SANT0003804,NULL
SANT0003805,NULL
SANT0003806,NULL
SANT0003807,NULL
SANT0003808,NULL
SANT0003809,NULL
SANT0003810,NULL
SANT0003811,NULL
SANT0003812,NULL
SANT0003813,NULL
SANT0003814,NULL
SANT0003815,NULL
SANT0003816,NULL
SANT0003817,NULL
SANT0003818,NULL
SANT0003819,NULL
SANT0003820,NULL
SANT0003821,NULL
SANT0003822,NULL
SANT0003823,NULL
SANT0003824,NULL
SANT0003825,NULL
SANT0003826,NULL
SANT0003827,NULL
SANT0003828,NULL
SANT0003829,NULL
SANT0003830,NULL
SANT0003831,NULL
SANT0003832,NULL
SANT0003833,NULL
SANT0003834,NULL
SANT0003835,NULL
SANT0003836,NULL
SANT0003837,NULL
SANT0003838,NULL
SANT0003839,NULL
SANT0003840,NULL
SANT0003841,NULL
SANT0003842,NULL
SANT0003843,NULL
SANT0003844,NULL
SANT0003845,NULL
SANT0003846,NULL
SANT0003847,NULL
SANT0003848,NULL
SANT0003849,NULL
SANT0003850,NULL
SANT0003851,NULL
SANT0003852,NULL
SANT0003853,NULL
SANT0003854,NULL
SANT0003855,NULL
SANT0003856,NULL
SANT0003857,NULL
SANT0003858,NULL
SANT0003859,NULL
SANT0003860,NULL
SANT0003861,NULL
SANT0003862,NULL
SANT0003863,NULL
SANT0003864,NULL
SANT0003865,NULL
SANT0003866,NULL
SANT0003910,170 20 080
SANT0003998,532-36-080
SANT0003999,NULL
SANT0004000,NULL
SANT0004001,NULL
SANT0004002,NULL
SANT0004003,NULL
SANT0004007,410-21-016
SANT0004017,NULL
SANT0004018,NULL
SANT0004019,NULL
SANT0004020,NULL
SANT0004021,NULL
SANT0004022,NULL
SANT0004023,NULL
SANT0004024,NULL
SANT0004025,NULL
SANT0004026,NULL
SANT0004027,NULL
SANT0004028,NULL
SANT0004029,NULL
SANT0004030,NULL
SANT0004031,NULL
SANT0004032,NULL
SANT0004033,NULL
SANT0004034,NULL
SANT0004035,NULL
SANT0004036,NULL
SANT0004037,NULL
SANT0004038,NULL
SANT0004039,NULL
SANT0004040,NULL
SANT0004041,NULL
SANT0004042,NULL
SANT0004043,NULL
SANT0004044,NULL
SANT0004045,NULL
SANT0004046,NULL
SANT0004047,NULL
SANT0004048,NULL
SANT0004049,NULL
SANT0004050,NULL
SANT0004051,NULL
SANT0004052,NULL
SANT0004053,NULL
SANT0004054,NULL
SANT0004055,NULL
SANT0004056,NULL
SANT0004057,NULL
SANT0004058,NULL
SANT0004059,NULL
SANT0004060,NULL
SANT0004061,NULL
SANT0004062,NULL
SANT0004063,NULL
SANT0004064,NULL
SANT0004065,NULL
SANT0004066,NULL
SANT0004067,NULL
SANT0004068,NULL
SANT0004069,NULL
SANT0004070,NULL
SANT0004071,NULL
SANT0004072,NULL
SANT0004073,NULL
SANT0004074,NULL
SANT0004075,NULL
SANT0004076,NULL
SANT0004077,NULL
SANT0004078,NULL
SANT0004079,NULL
SANT0004080,NULL
SANT0004081,NULL
SANT0004082,NULL
SANT0004083,NULL
SANT0004084,NULL
SANT0004085,NULL
SANT0004086,NULL
SANT0004087,NULL
SANT0004088,NULL
SANT0004089,NULL
SANT0004090,NULL
SANT0004091,NULL
SANT0004092,NULL
SANT0004093,NULL
SANT0004094,NULL
SANT0004095,NULL
SANT0004096,NULL
SANT0004097,NULL
SANT0004098,NULL
SANT0004099,NULL
SANT0004100,NULL
SANT0004101,NULL
SANT0004102,NULL
SANT0004103,NULL
SANT0004104,NULL
SANT0004105,NULL
SANT0004106,NULL
SANT0004107,NULL
SANT0004108,NULL
SANT0004109,NULL
SANT0004110,NULL
SANT0004111,NULL
SANT0004112,NULL
SANT0004113,NULL
SANT0004114,NULL
SANT0004115,NULL
SANT0004116,NULL
SANT0004117,NULL
SANT0004118,NULL
SANT0004119,NULL
SANT0004120,NULL
SANT0004121,NULL
SANT0004122,NULL
SANT0004123,NULL
SANT0004124,NULL
SANT0004125,NULL
SANT0004126,NULL
SANT0004127,NULL
SANT0004128,NULL
SANT0004129,NULL
SANT0004130,NULL
SANT0004131,NULL
SANT0004132,NULL
SANT0004133,NULL
SANT0004134,NULL
SANT0004135,NULL
SANT0004136,NULL
SANT0004137,NULL
SANT0004138,NULL
SANT0004139,NULL
SANT0004140,NULL
SANT0004141,NULL
SANT0004142,NULL
SANT0004143,NULL
SANT0004144,NULL
SANT0004145,NULL
SANT0004146,NULL
SANT0004147,NULL
SANT0004148,NULL
SANT0004149,NULL
SANT0004150,NULL
SANT0004151,NULL
SANT0004152,NULL
SANT0004153,NULL
SANT0004154,NULL
SANT0004155,NULL
SANT0004156,NULL
SANT0004157,NULL
SANT0004158,NULL
SANT0004159,NULL
SANT0004160,NULL
SANT0004161,NULL
SANT0004162,NULL
SANT0004163,NULL
SANT0004164,NULL
SANT0004165,NULL
SANT0004166,NULL
SANT0004167,NULL
SANT0004168,NULL
SANT0004169,NULL
SANT0004170,NULL
SANT0004171,NULL
SANT0004172,NULL
SANT0004173,NULL
SANT0004174,NULL
SANT0004175,NULL
SANT0004176,NULL
SANT0004177,NULL
SANT0004178,NULL
SANT0004179,NULL
SANT0004180,NULL
SANT0004181,NULL
SANT0004182,NULL
SANT0004183,NULL
SANT0004184,NULL
SANT0004185,NULL
SANT0004186,NULL
SANT0004187,NULL
SANT0004188,NULL
SANT0004189,NULL
SANT0004190,NULL
SANT0004191,NULL
SANT0004192,NULL
SANT0004193,NULL
SANT0004194,NULL
SANT0004195,NULL
SANT0004196,NULL
SANT0004197,NULL
SANT0004198,NULL
SANT0004199,NULL
SANT0004200,NULL
SANT0004201,NULL
SANT0004202,NULL
SANT0004203,NULL
SANT0004204,NULL
SANT0004205,NULL
SANT0004206,NULL
SANT0004207,NULL
SANT0004208,NULL
SANT0004209,NULL
SANT0004210,NULL
SANT0004211,NULL
SANT0004212,NULL
SANT0004213,NULL
SANT0004214,NULL
SANT0004215,NULL
SANT0004216,NULL
SANT0004217,NULL
SANT0004218,NULL
SANT0004219,NULL
SANT0004220,NULL
SANT0004221,NULL
SANT0004222,NULL
SANT0004223,NULL
SANT0004224,NULL
SANT0004225,NULL
SANT0004226,NULL
SANT0004227,NULL
SANT0004228,NULL
SANT0004229,NULL
SANT0004363,160-61-026
SANT0004364,160-61-026
SANT0004365,160-61-026
SANT0004366,160-61-026
SANT0004367,160-61-026
SANT0004368,160-61-026
SANT0004369,160-61-026
SANT0004370,160-61-026
SANT0004371,160-61-026
SANT0004375,153-13-025
SANT0004402,147-42-236
SANT0004403,147-42-237
SANT0004417,70607006
SANT0004418,70607006
SANT0004455,70607006
SANT0004456,70607006
SANT0004457,70607006
SANT0004458,70607006
SANT0004490,66008012
SANT0004491,26447040
SANT0004511,NULL
SANT0004514,NULL
SANT0004519,45528011
SANT0004520,45528011
SANT0004521,45528011
SANT0004522,45528011
SANT0004534,70607006
SANT0004535,70607006
SANT0004536,70607006
SANT0004559,68007008
SANT0004567,58308028
SANT0004610,37221009
SANT0004611,58308028
SANT0004619,46204003
SANT0004624,45528011
SANT0004625,45528011
SANT0004626,45528011
SANT0004627,45528011
SANT0004646,65903027
SANT0004648,45528011
SANT0004649,45528011
SANT0004650,45528011
SANT0004651,45528011
SANT0004652,45528011
SANT0004653,45528011
SANT0004654,45528011
SANT0004655,45528011
SANT0004656,45528011
SANT0004689,45528011
SANT0004690,45528011
SANT0004691,45528011
SANT0004692,45528011
SANT0004693,45528011
SANT0004694,45528011
SANT0004695,45528011
SANT0004696,45528011
SANT0004697,45528011
SANT0004698,70607006
SANT0004713,313-48-005
SANT0004714,313-48-005
SANT0004715,313-48-004
SANT0004716,313-48-002
SANT0004717,313-48-003
SANT0004751,313-48-005
SANT0004752,313-48-005
SANT0004753,313-48-004
SANT0004754,313-48-002
SANT0004755,313-48-003
SANT0004800,20927063
SANT0004801,20927078
SANT0004802,20927064
SANT0004803,20927077
SANT0004804,20927066
SANT0004805,20927067
SANT0004806,20927074
SANT0004807,20927075
SANT0004808,20927065
SANT0004809,20927068
SANT0004810,20927073
SANT0004811,20927076
SANT0004812,20927069
SANT0004813,20927072
SANT0004814,20927070
SANT0004815,20927071
SANT0004831,20927087
SANT0004832,20927088
SANT0004833,20927086
SANT0004834,20927089
SANT0004835,20927082
SANT0004836,20927084
SANT0004837,20927091
SANT0004838,20927093
SANT0004839,20927080
SANT0004840,20927079
SANT0004841,20927096
SANT0004842,20927081
SANT0004843,20927085
SANT0004844,20927090
SANT0004845,20927094
SANT0004846,20927083
SANT0004847,20927092
SANT0004848,20927095
SANT0004852,20563016
SANT0004853,20563017
SANT0004854,20563018
SANT0004855,20563019
SANT0004872,21335052
SANT0004873,21335053
SANT0004874,21335054
SANT0004875,21335055
SANT0004876,21335056
SANT0004877,21335057
SANT0004878,21335058
SANT0004880,20456001
SANT0004881,20456002
SANT0004882,20456003
SANT0004883,20456004
SANT0004884,20456005
SANT0004885,20456006
SANT0004886,20456007
SANT0004887,20456008
SANT0004888,20456011
SANT0004889,20456009
SANT0004890,20456010
SANT0004892,20908067
SANT0004893,20908068
SANT0004894,20908069
SANT0004895,20908070
SANT0004896,20908071
SANT0004897,20908072
SANT0004898,20908073
SANT0004899,20908066
SANT0004900,20908065
SANT0004901,20908064
SANT0004902,20908063
SANT0004903,20908062
SANT0004904,20908061
SANT0004905,20908060
SANT0004906,20908059
SANT0004907,20908058
SANT0004908,20908052
SANT0004909,20908053
SANT0004910,20908054
SANT0004911,20908055
SANT0004912,20908056
SANT0004913,20908057
SANT0004914,20908051
SANT0004915,20908050
SANT0004916,20908049
SANT0004917,20908048
SANT0004918,20908047
SANT0004919,20908044
SANT0004920,20908045
SANT0004921,20908046
SANT0004922,20908085
SANT0004923,20908084
SANT0004924,20908083
SANT0004925,20908082
SANT0004926,20908081
SANT0004927,20908080
SANT0004928,20908074
SANT0004929,20908075
SANT0004930,20908076
SANT0004931,20908077
SANT0004932,20908078
SANT0004933,20908079
SANT0004937,20563020
SANT0004938,20563021
SANT0004939,20563022
SANT0004940,20563023
SANT0004941,20563024
SANT0004942,20563025
SANT0004943,20563026
SANT0004944,20563027
SANT0004945,20563028
SANT0004946,20563029
SANT0004947,20563030
SANT0004948,20563031
SANT0004950,32017077
SANT0004951,20944035
SANT0004952,20944036
SANT0004953,20944038
SANT0004954,20944045
SANT0004955,20944047
SANT0004956,20944037
SANT0004957,20944041
SANT0004958,20944044
SANT0004959,20944048
SANT0004960,20944039
SANT0004961,20944042
SANT0004962,20944043
SANT0004963,20944046
SANT0004964,20944049
SANT0004965,20944040
SANT0004975,20944025
SANT0004976,20944026
SANT0004977,20944027
SANT0004978,20944020
SANT0004979,20944022
SANT0004980,20944029
SANT0004981,20944031
SANT0004982,20944018
SANT0004983,20944033
SANT0004984,20944017
SANT0004985,20944034
SANT0004986,20944019
SANT0004987,20944023
SANT0004988,20944028
SANT0004989,20944032
SANT0004990,20944021
SANT0004991,20944030
SANT0004996,20944001
SANT0004997,20944016
SANT0004998,20944002
SANT0004999,20944015
SANT0005000,20944004
SANT0005001,20944005
SANT0005002,20944012
SANT0005003,20944013
SANT0005004,20944003
SANT0005005,20944006
SANT0005006,20944011
SANT0005007,20944014
SANT0005008,20944007
SANT0005009,20944010
SANT0005010,20944008
SANT0005011,20944009
SANT0005012,32328077
SANT0005013,32328077
SANT0005015,20563033
SANT0005016,20563034
SANT0005017,20563035
SANT0005018,20563036
SANT0005019,20563037
SANT0005020,20563038
SANT0005021,20563039
SANT0005022,20563040
SANT0005023,20563041
SANT0005024,20563042
SANT0005025,20563043
SANT0005026,20563044
SANT0005028,20451062
SANT0005029,20944054
SANT0005030,20944052
SANT0005031,20944050
SANT0005032,20944067
SANT0005033,20944051
SANT0005034,20944066
SANT0005035,20944053
SANT0005036,20944055
SANT0005037,20944062
SANT0005038,20944064
SANT0005039,20944057
SANT0005040,20944060
SANT0005041,20944058
SANT0005042,20944059
SANT0005043,20944056
SANT0005044,20944061
SANT0005045,20944065
SANT0005046,20944063
SANT0005049,32328078
SANT0005076,9234001
SANT0005105,NULL
SANT0005119,NULL
SOLA0001494,8610130��������
SOLA0001495,89031200
SOLA0001558,0166345040
SOLA0001560,0027860440
SOLA0001561,0027860450
SOLA0001562,0027860460
SOLA0001563,0027860470
SOLA0001564,0027860480
SOLA0001590,0027872010
SOLA0001591,0027872020
SOLA0001592,0027872030
SOLA0001593,0027871050
SOLA0001594,0027871010
SOLA0001595,0027871020
SOLA0001596,0027871030
SOLA0001597,0027871040
SOLA0001604,0166345050
SOLA0001637,0027871100
SOLA0001638,0027871060
SOLA0001639,0027871070
SOLA0001640,0027871080
SOLA0001641,0027871090
SOLA0001642,0027872040
SOLA0001643,0027872050
SOLA0001644,0027872060
SOLA0001679,0027872070
SOLA0001680,0027872080
SOLA0001681,0027872090
SOLA0001682,0027871150
SOLA0001683,0027871110
SOLA0001684,0027871120
SOLA0001685,0027871130
SOLA0001686,0027871140
SOLA0001712,0027872100
SOLA0001713,0027872110
SOLA0001714,0027871200
SOLA0001715,0027871160
SOLA0001716,0027871170
SOLA0001717,0027871180
SOLA0001718,0027871190
SOLA0001729,90136
SOLA0001730,90137
SOLA0001731,90138
SOLA0001732,90139
SOLA0001734,NULL
SOLA0001772,0176-502-130
SOLA0001773,0176-502-100
SOLA0001774,0176-502-070
SOLA0001775,0176-502-11
SOLA0001776,0176-502-120
SOLA0001777,0176-502-080
SOLA0001783,0176-502-300
SOLA0001784,0176-502-270
SOLA0001785,0176-502-290
SOLA0001786,0176-502-280
SOLA0001787,0176-502-260
SOLA0001790,0176-502-240
SOLA0001792,0176-502-020
SOLA0001793,0176-502-050
SOLA0001794,0176-502-090
SOLA0001795,0176-502-060
SOLA0001797,0176-502-250
SOLA0001798,0176-502-330
SOLA0001800,0176-503-050
SOLA0001802,0176-502-230
SOLA0001803,0176-503-030
SOLA0001804,0176-503-290
SOLA0001805,0176-503-330
SOLA0001806,0176-502-040
SOLA0001808,0176-503-040
SOLA0001809,0176-502-220
SOLA0001811,0176-502-030
SOLA0001812,0176-502-170
SOLA0001813,0176-503-260
SOLA0001815,0176-502-010
SOLA0001816,0176-503-270
SOLA0001817,0176-502-210
SOLA0001818,0176-502-370
SOLA0001820,0176-502-200
SOLA0001821,0176-503-010
SOLA0001822,0176-502-340
SOLA0001823,0176-503-130
SOLA0001824,0176-502-320
SOLA0001826,0176-502-310
SOLA0001827,0176-503-320
SOLA0001828,0176-503-060
SOLA0001829,0176-503-100
SOLA0001830,0176-502-360
SOLA0001831,0176-503-240
SOLA0001834,0176-503-090
SOLA0001835,0176-503-310
SOLA0001836,0176-504-070
SOLA0001837,0176-511-030
SOLA0001838,0176-503-140
SOLA0001839,0176-502-190
SOLA0001841,0176-503-120
SOLA0001842,0176-504-110
SOLA0001843,0176-504-050
SOLA0001844,0176-503-250
SOLA0001845,0176-502-350
SOLA0001846,0176-502-160
SOLA0001847,0176-502-150
SOLA0001848,0176-504-130
SOLA0001850,0176-503-170
SOLA0001851,0176-503-020
SOLA0001852,0176-503-150
SOLA0001853,0176-502-140
SOLA0001854,0176-511-020
SOLA0001855,0176-503-230
SOLA0001856,0176-503-230
SOLA0001857,0176-504-100
SOLA0001858,0176-504-080
SOLA0001859,0176-503-230
SOLA0001860,0176-503-160
SOLA0001861,0176-512-040
SOLA0001862,0176-504-020
SOLA0001863,0176-505-040
SOLA0001864,0176-505-030
SOLA0001865,0176-504-030
SOLA0001866,0176-504-010
SOLA0001867,0176-503-280
SOLA0001868,0176-512-050
SOLA0001869,0176-512-070
SOLA0001870,0176-503-080
SOLA0001871,0176-512-060
SOLA0001872,0176-503-210
SOLA0001873,0176-512-020
SOLA0001874,0176-502-180
SOLA0001875,0176-514-110
SOLA0001876,0176-505-020
SOLA0001877,176-514-090
SOLA0001878,0176-504-040
SOLA0001879,0176-514-170
SOLA0001881,0176-511-040
SOLA0001882,0176-512-010
SOLA0001883,0176-514-150
SOLA0001884,0176-503-110
SOLA0001885,0176-503-070
SOLA0001886,0176-513-220
SOLA0001887,0176-514-160
SOLA0001888,0176-504-090
SOLA0001889,0176-514-070
SOLA0001890,0176-505-010
SOLA0001891,0176-513-130
SOLA0001892,0176-513-140
SOLA0001893,0176-514-060
SOLA0001894,0176-504-060
SOLA0001895,0176-513-120
SOLA0001896,0176-514-050
SOLA0001897,0176-514-080
SOLA0001898,0176-514-010
SOLA0001903,0147010140
SOLA0001931,174-514-030
SOLA0001932,174-512-050
SOLA0001933,174-512-070
SOLA0001934,0174-512-060
SOLA0001935,174-511-120
SOLA0001936,174-511-130
SOLA0001937,174-511-140
SOLA0001938,174-514-040
SOLA0001939,174-514-050
SOLA0001940,0174-511-090
SOLA0001941,0174-511-100
SOLA0001942,0174-511-110
SOLA0001943,0174-514-060
SOLA0001944,0174-514-070
SOLA0001945,0174-514-080
SOLA0001946,0174-514-090
SOLA0001947,0174-514-110
SOLA0001948,0174-514-120
SOLA0001949,0174-514-130
SOLA0001950,0174-514-140
SOLA0001951,0174-514-150
SOLA0001952,0174-514-160
SOLA0001953,0174-514-170
SOLA0001954,0174-511-050
SOLA0001955,0174-511-060
SOLA0001956,0174-511-070
SOLA0001957,0174-511-080
SOLA0001958,0174-514-180
SOLA0001959,0174-514-190
SOLA0001960,0174-514-200
SOLA0001961,0174-511-010
SOLA0001962,0174-511-020
SOLA0001963,0174-511-030
SOLA0001964,0174-511-040
SOLA0001965,0174-514-210
SOLA0001966,0174-514-220
SOLA0001967,0174-514-230
SOLA0001968,0174-513-060
SOLA0001969,0174-513-070
SOLA0001970,0174-513-080
SOLA0001971,0174-513-090
SOLA0001972,0174-513-100
SOLA0001973,0174-514-270
SOLA0001974,0174-514-280
SOLA0001975,0174-513-020
SOLA0001976,0174-513-030
SOLA0001977,0174-513-040
SOLA0001978,0174-513-050
SOLA0001979,0174-512-010
SOLA0001980,0174-512-020
SOLA0001981,0174-512-030
SOLA0001982,0174-512-040
SOLA0001983,NULL
SOLA0001984,NULL
SOLA0001985,NULL
SOLA0001986,NULL
SOLA0001987,NULL
SOLA0001988,NULL
SOLA0001989,NULL
SOLA0001990,NULL
SOLA0001991,NULL
SOLA0001992,NULL
SOLA0001993,NULL
SOLA0001994,NULL
SOLA0001995,NULL
SOLA0001996,NULL
SOLA0001997,NULL
SOLA0001998,NULL
SOLA0001999,NULL
SOLA0002000,NULL
SOLA0002001,NULL
SOLA0002002,NULL
SOLA0002003,NULL
SOLA0002004,NULL
SOLA0002005,NULL
SOLA0002006,NULL
SOLA0002007,NULL
SOLA0002008,NULL
SOLA0002009,NULL
SOLA0002010,NULL
SOLA0002011,NULL
SOLA0002012,NULL
SOLA0002013,NULL
SOLA0002014,NULL
SOLA0002015,NULL
SOLA0002016,NULL
SOLA0002017,NULL
SOLA0002018,NULL
SOLA0002019,NULL
SOLA0002020,NULL
SOLA0002021,NULL
SOLA0002022,NULL
SOLA0002023,NULL
SOLA0002024,NULL
SOLA0002025,NULL
SOLA0002026,NULL
SOLA0002027,NULL
SOLA0002028,NULL
SOLA0002029,NULL
SOLA0002030,NULL
SOLA0002031,NULL
SOLA0002032,NULL
SOLA0002033,NULL
SOLA0002034,NULL
SOLA0002035,NULL
SOLA0002036,NULL
SOLA0002037,NULL
SOLA0002038,NULL
SOLA0002039,NULL
SOLA0002040,NULL
SOLA0002041,NULL
SOLA0002042,NULL
SOLA0002043,NULL
SOLA0002044,NULL
SOLA0002045,NULL
SOLA0002046,NULL
SOLA0002047,NULL
SOLA0002048,NULL
SOLA0002049,NULL
SOLA0002050,NULL
SOLA0002051,NULL
SOLA0002052,NULL
SOLA0002053,NULL
SOLA0002054,NULL
SOLA0002055,NULL
SOLA0002056,NULL
SOLA0002057,NULL
SOLA0002058,NULL
SOLA0002059,NULL
SOLA0002060,NULL
SOLA0002061,NULL
SOLA0002062,NULL
SOLA0002063,NULL
SOLA0002064,NULL
SOLA0002065,NULL
SOLA0002066,NULL
SOLA0002067,NULL
SOLA0002068,NULL
SOLA0002069,NULL
SOLA0002070,NULL
SOLA0002071,NULL
SOLA0002072,NULL
SOLA0002073,NULL
SOLA0002074,NULL
SOLA0002075,NULL
SOLA0002076,NULL
SOLA0002077,NULL
SOLA0002078,NULL
SOLA0002079,NULL
SOLA0002080,NULL
SOLA0002081,NULL
SOLA0002082,NULL
SOLA0002083,NULL
SOLA0002084,NULL
SOLA0002085,NULL
SOLA0002086,NULL
SOLA0002087,NULL
SOLA0002088,NULL
SOLA0002089,NULL
SOLA0002090,NULL
SOLA0002091,NULL
SOLA0002092,NULL
SOLA0002093,NULL
SOLA0002094,NULL
SOLA0002095,NULL
SOLA0002096,NULL
SOLA0002097,NULL
SOLA0002098,NULL
SOLA0002099,NULL
SOLA0002100,NULL
SOLA0002101,NULL
SOLA0002102,NULL
SOLA0002103,NULL
SOLA0002104,NULL
SOLA0002105,NULL
SOLA0002106,NULL
SOLA0002107,NULL
SOLA0002108,NULL
SOLA0002109,NULL
SOLA0002110,NULL
SOLA0002111,NULL
SOLA0002112,NULL
SOLA0002113,NULL
SOLA0002114,NULL
SOLA0002115,NULL
SOLA0002116,NULL
SOLA0002117,NULL
SOLA0002118,NULL
SOLA0002119,NULL
SOLA0002120,NULL
SOLA0002121,NULL
SOLA0002122,NULL
SOLA0002123,NULL
SOLA0002124,NULL
SOLA0002125,NULL
SOLA0002126,NULL
SOLA0002127,NULL
SOLA0002128,NULL
SOLA0002129,NULL
SOLA0002130,NULL
SOLA0002131,NULL
SOLA0002132,NULL
SOLA0002133,NULL
SOLA0002134,NULL
SOLA0002135,NULL
SOLA0002136,NULL
SOLA0002137,NULL
SOLA0002138,NULL
SOLA0002139,NULL
SOLA0002140,NULL
SOLA0002141,NULL
SOLA0002142,NULL
SOLA0002143,NULL
SOLA0002144,NULL
SOLA0002145,NULL
SOLA0002146,NULL
SOLA0002147,NULL
SOLA0002148,NULL
SOLA0002149,NULL
SOLA0002150,NULL
SOLA0002151,NULL
SOLA0002152,NULL
SOLA0002153,NULL
SOLA0002154,NULL
SOLA0002155,NULL
SOLA0002156,NULL
SOLA0002157,NULL
SOLA0002158,NULL
SOLA0002159,NULL
SOLA0002160,NULL
SOLA0002161,NULL
SOLA0002162,NULL
SOLA0002163,NULL
SOLA0002164,NULL
SOLA0002165,NULL
SOLA0002166,NULL
SOLA0002167,NULL
SOLA0002168,NULL
SOLA0002169,NULL
SOLA0002170,NULL
SOLA0002171,NULL
SOLA0002172,NULL
SOLA0002173,NULL
SOLA0002174,NULL
SOLA0002175,NULL
SOLA0002176,NULL
SOLA0002177,NULL
SOLA0002178,NULL
SOLA0002179,NULL
SOLA0002180,NULL
SOLA0002181,NULL
SOLA0002182,NULL
SOLA0002183,NULL
SOLA0002184,NULL
SOLA0002185,NULL
SOLA0002186,NULL
SOLA0002187,NULL
SOLA0002188,NULL
SOLA0002189,NULL
SOLA0002190,NULL
SOLA0002191,NULL
SOLA0002192,NULL
SOLA0002193,NULL
SOLA0002194,NULL
SOLA0002195,NULL
SOLA0002196,NULL
SOLA0002197,NULL
SOLA0002198,NULL
SOLA0002199,NULL
SOLA0002200,NULL
SOLA0002201,NULL
SOLA0002202,NULL
SOLA0002203,NULL
SOLA0002204,NULL
SOLA0002205,NULL
SOLA0002206,NULL
SOLA0002207,NULL
SOLA0002208,NULL
SOLA0002209,NULL
SOLA0002210,NULL
SOLA0002211,NULL
SOLA0002212,NULL
SOLA0002213,NULL
SOLA0002214,NULL
SOLA0002215,NULL
SOLA0002216,NULL
SOLA0002217,NULL
SOLA0002218,NULL
SOLA0002219,NULL
SOLA0002220,NULL
SOLA0002221,NULL
SOLA0002222,NULL
SOLA0002223,NULL
SOLA0002224,NULL
SOLA0002225,NULL
SOLA0002226,NULL
SOLA0002227,NULL
SOLA0002228,NULL
SOLA0002229,NULL
SOLA0002230,NULL
SOLA0002231,NULL
SOLA0002232,NULL
SOLA0002233,NULL
SOLA0002234,NULL
SOLA0002235,NULL
SOLA0002236,NULL
SOLA0002237,NULL
SOLA0002238,NULL
SOLA0002239,NULL
SOLA0002240,NULL
SOLA0002241,NULL
SOLA0002242,NULL
SOLA0002243,NULL
SOLA0002244,NULL
SOLA0002245,NULL
SOLA0002246,NULL
SOLA0002247,NULL
SOLA0002248,NULL
SOLA0002249,NULL
SOLA0002250,NULL
SOLA0002251,NULL
SOLA0002252,NULL
SOLA0002253,NULL
SOLA0002254,NULL
SOLA0002255,NULL
SOLA0002256,NULL
SOLA0002257,NULL
SOLA0002258,NULL
SOLA0002259,NULL
SOLA0002260,NULL
SOLA0002261,NULL
SOLA0002262,NULL
SOLA0002263,NULL
SOLA0002264,NULL
SOLA0002265,NULL
SOLA0002266,NULL
SOLA0002267,NULL
SOLA0002268,NULL
SOLA0002269,NULL
SOLA0002270,NULL
SOLA0002271,NULL
SOLA0002272,NULL
SOLA0002273,NULL
SOLA0002274,NULL
SOLA0002275,NULL
SOLA0002276,NULL
SOLA0002277,NULL
SOLA0002278,NULL
SOLA0002279,NULL
SOLA0002280,NULL
SOLA0002281,NULL
SOLA0002282,NULL
SOLA0002283,NULL
SOLA0002284,NULL
SOLA0002285,NULL
SOLA0002286,NULL
SOLA0002287,NULL
SOLA0002288,NULL
SOLA0002289,NULL
SOLA0002290,NULL
SOLA0002291,NULL
SOLA0002292,NULL
SOLA0002293,NULL
SOLA0002294,NULL
SOLA0002295,NULL
SOLA0002296,NULL
SOLA0002297,NULL
SOLA0002298,NULL
SOLA0002299,NULL
SOLA0002300,NULL
SOLA0002301,NULL
SOLA0002302,NULL
SOLA0002303,NULL
SOLA0002304,NULL
SOLA0002305,NULL
SOLA0002306,NULL
SOLA0002307,NULL
SOLA0002308,NULL
SOLA0002309,NULL
SOLA0002310,NULL
SOLA0002311,NULL
SOLA0002312,NULL
SOLA0002313,NULL
SOLA0002314,NULL
SOLA0002315,NULL
SOLA0002316,NULL
SOLA0002317,NULL
SOLA0002318,NULL
SOLA0002319,NULL
SONO0000635,NULL
SONO0000636,NULL
SONO0000637,NULL
SONO0000638,NULL
SONO0000639,NULL
SONO0000640,NULL
SONO0000641,NULL
SONO0000642,NULL
SONO0000643,NULL
SONO0000649,002-201-086
SONO0000670,NULL
SONO0000671,NULL
SONO0000672,NULL
SONO0000673,NULL
SONO0000674,NULL
SONO0000675,NULL
SONO0000676,NULL
SONO0000677,NULL
SONO0000678,NULL
SONO0000679,NULL
SONO0000680,NULL
SONO0000681,NULL
SONO0000682,NULL
SONO0000683,NULL
SONO0000684,NULL
SONO0000685,NULL
SONO0000686,NULL
SONO0000687,NULL
SONO0000688,NULL
SONO0000689,NULL
SONO0000690,NULL
SONO0000691,NULL
SONO0000692,NULL
SONO0000693,NULL
SONO0000694,NULL
SONO0000695,NULL
SONO0000696,NULL
SONO0000697,159-580-071
SONO0000698,159-580-072
SONO0000699,159-580-073
SONO0000700,159-580-074
SONO0000701,159-580-075
SONO0000702,159-580-094
SONO0000703,159-580-095
SONO0000704,159-580-096
SONO0000705,159-580-097
SONO0000706,159-580-098
SONO0000707,159-560-055
SONO0000708,159-560-056
SONO0000709,159-560-057
SONO0000710,159-560-058
SONO0000711,159-560-060
SONO0000712,159-560-061
SONO0000713,159-560-062
SONO0000714,159-560-063
SONO0000715,159-560-064
SONO0000716,159-560-065
SONO0000717,159-560-066
SONO0000718,159-560-059
SONO0000719,159-590-100
SONO0000720,159-590-085
SONO0000721,159-590-086
SONO0000722,159-590-099
SONO0000723,159-590-102
SONO0000724,159-590-115
SONO0000725,159-590-116
SONO0000726,159-590-101
SONO0000727,159-580-076
SONO0000728,159-580-077
SONO0000729,159-580-078
SONO0000730,159-580-079
SONO0000731,159-580-090
SONO0000732,159-580-091
SONO0000733,159-580-092
SONO0000734,159-580-093
SONO0000735,159-590-098
SONO0000736,159-590-087
SONO0000737,159-590-088
SONO0000738,159-590-097
SONO0000739,159-590-104
SONO0000740,159-590-113
SONO0000741,159-590-114
SONO0000742,159-590-103
SONO0000743,159-580-043
SONO0000744,159-580-044
SONO0000745,159-580-045
SONO0000746,159-580-046
SONO0000747,159-580-047
SONO0000748,159-580-066
SONO0000749,159-580-067
SONO0000750,159-580-068
SONO0000751,159-580-069
SONO0000752,159-580-070
SONO0000753,159-590-096
SONO0000754,159-590-089
SONO0000755,159-590-090
SONO0000756,159-590-095
SONO0000757,159-590-106
SONO0000758,159-590-111
SONO0000759,159-590-112
SONO0000760,159-590-105
SONO0000761,159-580-048
SONO0000762,159-580-049
SONO0000763,159-580-050
SONO0000764,159-580-051
SONO0000765,159-580-062
SONO0000766,159-580-063
SONO0000767,159-580-064
SONO0000768,159-580-065
SONO0000769,159-560-014
SONO0000770,159-560-015
SONO0000771,159-560-016
SONO0000772,159-560-017
SONO0000773,159-560-067
SONO0000774,159-560-068
SONO0000775,159-560-069
SONO0000776,159-560-018
SONO0000777,159-560-019
SONO0000778,159-560-020
SONO0000779,159-560-021
SONO0000780,159-560-054
SONO0000781,159-560-052
SONO0000782,159-560-053
SONO0000783,159-580-052
SONO0000784,159-580-053
SONO0000785,159-580-054
SONO0000786,159-580-055
SONO0000787,159-580-056
SONO0000788,159-580-057
SONO0000789,159-580-058
SONO0000790,159-580-059
SONO0000791,159-580-060
SONO0000792,159-580-061
SONO0000793,159-590-094
SONO0000794,159-590-091
SONO0000795,159-590-092
SONO0000796,159-590-093
SONO0000797,159-590-108
SONO0000798,159-590-109
SONO0000799,159-590-110
SONO0000800,159-590-107
SONO0000801,159-560-070
SONO0000802,159-560-071
SONO0000803,159-560-072
SONO0000804,159-560-073
SONO0000805,159-560-074
SONO0000806,159-560-075
SONO0000807,159-560-082
SONO0000808,159-560-048
SONO0000809,159-560-049
SONO0000810,159-560-050
SONO0000811,159-560-051
SONO0000812,NULL
SONO0000813,NULL
SONO0000814,NULL
SONO0000815,NULL
SONO0000816,NULL
SONO0000817,NULL
SONO0000818,NULL
SONO0000819,NULL
SONO0000820,NULL
SONO0000821,NULL
SONO0000822,NULL
SONO0000823,NULL
SONO0000824,NULL
SONO0000825,NULL
SONO0000826,NULL
SONO0000827,NULL
SONO0000828,NULL
SONO0000829,NULL
SONO0000830,NULL
SONO0000831,NULL
SONO0000832,NULL
SONO0000833,NULL
SONO0000834,NULL
SONO0000835,NULL
SONO0000836,NULL
SONO0000837,NULL
SONO0000838,NULL
SONO0000839,NULL
SONO0000840,NULL
SONO0000841,NULL
SONO0000842,NULL
SONO0000843,NULL
SONO0000844,NULL
SONO0000845,NULL
SONO0000846,NULL
SONO0000847,NULL
SONO0000848,NULL
SONO0000849,NULL
SONO0000850,NULL
SONO0000851,NULL
SONO0000852,NULL
SONO0000853,NULL
SONO0000854,NULL
SONO0000855,NULL
SONO0000856,NULL
SONO0000857,NULL
SONO0000858,NULL
SONO0000859,NULL
SONO0000860,NULL
SONO0000861,NULL
SONO0000862,NULL
SONO0000863,NULL
SONO0000864,NULL
SONO0000865,NULL
SONO0000866,NULL
SONO0000867,NULL
SONO0000868,NULL
SONO0000869,NULL
SONO0000870,NULL
SONO0000871,NULL
SONO0000872,NULL
SONO0000873,NULL
SONO0000874,NULL
SONO0000875,NULL
SONO0000876,NULL
SONO0000877,NULL
SONO0000878,NULL
SONO0000879,NULL
SONO0000880,NULL
SONO0000881,NULL
SONO0000882,NULL
SONO0000883,NULL
SONO0000884,NULL
SONO0000885,NULL
SONO0000886,NULL
SONO0000887,NULL
SONO0000888,NULL
SONO0000889,NULL
SONO0000890,NULL
SONO0000891,NULL
SONO0000892,NULL
SONO0000893,NULL
SONO0000894,NULL
SONO0000895,NULL
SONO0000896,NULL
SONO0000897,NULL
SONO0000898,NULL
SONO0000899,NULL
SONO0000900,NULL
SONO0000901,NULL
SONO0000902,NULL
SONO0000903,NULL
SONO0000904,NULL
SONO0000905,NULL
SONO0000906,NULL
SONO0000907,NULL
SONO0000908,NULL
SONO0000909,NULL
SONO0000910,NULL
SONO0000911,NULL
SONO0000912,NULL
SONO0000913,NULL
SONO0000914,NULL
SONO0000915,NULL
SONO0000916,NULL
SONO0000917,NULL
SONO0000918,NULL
SONO0000919,NULL
SONO0000920,NULL
SONO0000921,NULL
SONO0000922,NULL
SONO0000923,NULL
SONO0000924,NULL
SONO0000925,NULL
SONO0000926,NULL
SONO0000927,NULL
SONO0000928,NULL
SONO0000929,NULL
SONO0000930,NULL
SONO0000931,NULL
SONO0000932,NULL
SONO0000933,NULL
SONO0000934,NULL
SONO0000935,NULL
SONO0000936,NULL
SONO0000937,NULL
SONO0000938,NULL
SONO0000939,NULL
SONO0000940,NULL
SONO0000941,NULL
SONO0000942,NULL
SONO0000951,NULL
SONO0000952,NULL
SONO0000953,NULL
SONO0000954,NULL
SONO0000955,NULL
SONO0000956,NULL
SONO0000957,NULL
SONO0000958,NULL
SONO0000959,NULL
SONO0000960,NULL
SONO0000961,NULL
SONO0000962,NULL
SONO0000963,NULL
SONO0000964,NULL
SONO0000965,NULL
SONO0000966,NULL
SONO0001079,NULL
